"","text","favorited","favoriteCount","replyToSN","created","truncated","replyToSID","id","replyToUID","statusSource","screenName","retweetCount","isRetweet","retweeted","longitude","latitude"
"1","1 @Fendi Kan I bag. 120 ways to make it yours. Start customising now: #MakeItMine ",FALSE,6,NA,2017-11-29 14:18:13,FALSE,NA,"935875551688052737",NA,"<a href=""http://twitter.com"" rel=""nofollow"">Twitter Web Client</a>","farfetch",2,FALSE,FALSE,NA,NA
"2","1 sneaker legend, 4 exclusive one-off styles. Kicks collectors, click here for @TheShoeSurgeon originals before the ",FALSE,8,NA,2017-11-29 10:05:26,TRUE,NA,"935811935270047744",NA,"<a href=""http://twitter.com"" rel=""nofollow"">Twitter Web Client</a>","farfetch",0,FALSE,FALSE,NA,NA
"3","@rbhysmusic Hello, thank you for contacting us, Could you please send us a DM? Thanks, Farfetch",FALSE,0,"rbhysmusic",2017-11-28 17:42:38,FALSE,"935555964555616258","935564603865657345","3067607857","<a href=""http://www.zendesk.com"" rel=""nofollow"">Zendesk</a>","farfetch",0,FALSE,FALSE,NA,NA
"4","Let our Gift Generator find the perfect present for everyone on your list: ",FALSE,2,NA,2017-11-27 00:24:51,FALSE,NA,"934941051969835011",NA,"<a href=""http://twitter.com"" rel=""nofollow"">Twitter Web Client</a>","farfetch",1,FALSE,FALSE,NA,NA
"5","Go big or go home! 10 grand gesture gifts guaranteed to thrill: ",FALSE,3,NA,2017-11-26 23:40:08,FALSE,NA,"934929798945787906",NA,"<a href=""http://www.hootsuite.com"" rel=""nofollow"">Hootsuite</a>","farfetch",1,FALSE,FALSE,NA,NA
"6","Over 400 new party pieces are waiting for you! See what's #NewIn on Farfetch: @JenniferBehr ",FALSE,1,NA,2017-11-26 23:30:12,TRUE,NA,"934927299429978112",NA,"<a href=""http://www.hootsuite.com"" rel=""nofollow"">Hootsuite</a>","farfetch",0,FALSE,FALSE,NA,NA
"7","10 fail-proof gifts for him: @OffWht @Dsquared2 @MaisonValentino ",FALSE,8,NA,2017-11-26 23:01:49,FALSE,NA,"934920153711759360",NA,"<a href=""http://www.hootsuite.com"" rel=""nofollow"">Hootsuite</a>","farfetch",1,FALSE,FALSE,NA,NA
"8","@foteinivogiatzi Hello, we're sorry but  we dont have any promo codes. Please sign up for our newsletter to find out about future coupon...",FALSE,0,"foteinivogiatzi",2017-11-26 22:47:17,FALSE,"934898890897227777","934916497146818560","1208221003","<a href=""http://www.zendesk.com"" rel=""nofollow"">Zendesk</a>","farfetch",0,FALSE,FALSE,NA,NA
"9","@SPECIALOKAYSION Hello, Can you please send us a DM so we can look into this for you?",FALSE,0,"SPECIALOKAYSION",2017-11-26 22:45:16,FALSE,"934890241214812160","934915988058984448","167605052","<a href=""http://www.zendesk.com"" rel=""nofollow"">Zendesk</a>","farfetch",0,FALSE,FALSE,NA,NA
"10","True or False: You need new shoes. ",FALSE,8,NA,2017-11-26 00:57:34,FALSE,NA,"934586894238744576",NA,"<a href=""http://twitter.com/download/iphone"" rel=""nofollow"">Twitter for iPhone</a>","farfetch",0,FALSE,FALSE,NA,NA
"11","@sariduridu Hello, Can you please send us a DM?",FALSE,0,"sariduridu",2017-11-25 21:16:36,FALSE,"934479725778685953","934531288589094914","212513483","<a href=""http://www.zendesk.com"" rel=""nofollow"">Zendesk</a>","farfetch",0,FALSE,FALSE,NA,NA
"12","@xem_08x Hello, Unfortunately, we do not have any promo codes for Gucci items. We truly apologize.",FALSE,0,"xem_08x",2017-11-25 17:27:20,FALSE,"934379186860560384","934473592787623936","48524937","<a href=""http://www.zendesk.com"" rel=""nofollow"">Zendesk</a>","farfetch",0,FALSE,FALSE,NA,NA
"13","@bitsandbobssss Hello, thank  you for contacting us! I am very sorry to hear this, Please send us a DM with your email address. Thanks, F...",FALSE,0,"bitsandbobssss",2017-11-24 17:32:46,FALSE,"934108366044987392","934112572072132609","819263233","<a href=""http://www.zendesk.com"" rel=""nofollow"">Zendesk</a>","farfetch",0,FALSE,FALSE,NA,NA
"14","Pssst! Our #BlackFriday sale is on now. What are you waiting for? ",FALSE,6,NA,2017-11-24 15:06:41,FALSE,NA,"934075806300635138",NA,"<a href=""http://twitter.com"" rel=""nofollow"">Twitter Web Client</a>","farfetch",2,FALSE,FALSE,NA,NA
"15","@EdwardNoire Hello, thank you for contacting us. Please send us a DM. Thanks, Farfetch",FALSE,0,"EdwardNoire",2017-11-24 00:36:34,FALSE,"933854265701027840","933856837555847168","1581944636","<a href=""http://www.zendesk.com"" rel=""nofollow"">Zendesk</a>","farfetch",0,FALSE,FALSE,NA,NA
"16","@Hlynur2020 Hello, thank you for contacting us! I am sorry that you feel this way. Pleases send us a DM? Thanks, Farfetch",FALSE,0,"Hlynur2020",2017-11-23 19:34:39,FALSE,"933771230884388865","933780857097244674","4775722101","<a href=""http://www.zendesk.com"" rel=""nofollow"">Zendesk</a>","farfetch",0,FALSE,FALSE,NA,NA
"17","@Bruskk_ Hello, thank you for your response. Unfortunately, we do not price-match with outside companies. Thanks, Farfetch",FALSE,0,"Bruskk_",2017-11-22 22:25:52,FALSE,"933364442301173760","933461555710234624","1323167875","<a href=""http://www.zendesk.com"" rel=""nofollow"">Zendesk</a>","farfetch",0,FALSE,FALSE,NA,NA
"18","Add a little adrenaline to your wardrobe with these high octane accessories: ",FALSE,2,NA,2017-11-20 13:40:22,FALSE,NA,"932604533649367042",NA,"<a href=""http://www.hootsuite.com"" rel=""nofollow"">Hootsuite</a>","farfetch",1,FALSE,FALSE,NA,NA
"19","Find your favourite @Moncler look and pray for powder: ",FALSE,3,NA,2017-11-19 23:45:07,FALSE,NA,"932394338415529984",NA,"<a href=""http://www.hootsuite.com"" rel=""nofollow"">Hootsuite</a>","farfetch",1,FALSE,FALSE,NA,NA
"20","Stylist Tine Andrea ranks the best party-ready earrings: ",FALSE,2,NA,2017-11-19 19:50:09,FALSE,NA,"932335204609470464",NA,"<a href=""http://www.hootsuite.com"" rel=""nofollow"">Hootsuite</a>","farfetch",0,FALSE,FALSE,NA,NA
"21","Don't be shy! Dial things up in one of these extravagant outerwear styles: ",FALSE,0,NA,2017-11-19 18:25:08,FALSE,NA,"932313809057996800",NA,"<a href=""http://www.hootsuite.com"" rel=""nofollow"">Hootsuite</a>","farfetch",0,FALSE,FALSE,NA,NA
"22","Keep your little one bundled up in the most adorable winter essentials from @StellaMcCartney, @dolcegabbana, ",FALSE,5,NA,2017-11-19 17:40:09,TRUE,NA,"932302491504578560",NA,"<a href=""http://www.hootsuite.com"" rel=""nofollow"">Hootsuite</a>","farfetch",0,FALSE,FALSE,NA,NA
"23","Take your accessories to the extreme this season: ",FALSE,3,NA,2017-11-19 16:24:02,FALSE,NA,"932283336202117120",NA,"<a href=""http://twitter.com"" rel=""nofollow"">Twitter Web Client</a>","farfetch",1,FALSE,FALSE,NA,NA
"24","Give back every time you give #ASpecialBag! From @Margiela to @marniofficial, 6 designers partnered with ",FALSE,4,NA,2017-11-17 18:01:21,TRUE,NA,"931583050542206976",NA,"<a href=""http://twitter.com"" rel=""nofollow"">Twitter Web Client</a>","farfetch",5,FALSE,FALSE,NA,NA
"25","How are local markets inspiring the fashion industry? Watch an exclusive panel discussion with @prabalgurung and ",FALSE,3,NA,2017-11-16 20:39:53,TRUE,NA,"931260555444260866",NA,"<a href=""http://twitter.com"" rel=""nofollow"">Twitter Web Client</a>","farfetch",1,FALSE,FALSE,NA,NA
"26","@JohnGeiger_ Time to work! ",FALSE,0,"JohnGeiger_",2017-11-15 18:15:53,FALSE,"930861726207266828","930861929568129024","97917847","<a href=""http://twitter.com/download/iphone"" rel=""nofollow"">Twitter for iPhone</a>","farfetch",3,FALSE,FALSE,NA,NA
"27"," ",FALSE,6,NA,2017-11-15 11:21:33,FALSE,NA,"930757658424070144",NA,"<a href=""http://twitter.com/download/iphone"" rel=""nofollow"">Twitter for iPhone</a>","farfetch",0,FALSE,FALSE,NA,NA
"28","Don't miss @glamourmag's Women of the Year Live Summit! Keep an eye out for the Fashion for Women by Women - Meet ",FALSE,6,NA,2017-11-13 14:26:04,TRUE,NA,"930079321619943424",NA,"<a href=""http://twitter.com"" rel=""nofollow"">Twitter Web Client</a>","farfetch",1,FALSE,FALSE,NA,NA
"29","Holiday partywear so good you won't want to take it off: ",FALSE,5,NA,2017-11-11 17:20:20,FALSE,NA,"929398401531334658",NA,"<a href=""http://www.hootsuite.com"" rel=""nofollow"">Hootsuite</a>","farfetch",0,FALSE,FALSE,NA,NA
"30","Cult favourite bags by the likes of Chanel, Dior and Herms make the ultimate gift for any vintage lover: ",FALSE,9,NA,2017-11-11 14:45:22,TRUE,NA,"929359401340764160",NA,"<a href=""http://www.hootsuite.com"" rel=""nofollow"">Hootsuite</a>","farfetch",2,FALSE,FALSE,NA,NA
"31","New @NBHD_INFO has just arrived: ",FALSE,4,NA,2017-11-11 12:21:47,FALSE,NA,"929323265537007616",NA,"<a href=""http://www.hootsuite.com"" rel=""nofollow"">Hootsuite</a>","farfetch",1,FALSE,FALSE,NA,NA
"32","'Tis the season to #GiveItLiveIt. Turn the perfect gift into a moment you'll never forget.  ",FALSE,5,NA,2017-11-08 00:59:42,FALSE,NA,"928064450820747266",NA,"<a href=""http://twitter.com"" rel=""nofollow"">Twitter Web Client</a>","farfetch",1,FALSE,FALSE,NA,NA
"33","@yvpraag Hello! Thank you for contacting us. Would you be so kind and send us a DM? Thanks, Farfetch",FALSE,0,"yvpraag",2017-11-08 00:42:38,FALSE,"928003695022833664","928060158516846598","799264790380249089","<a href=""http://www.zendesk.com"" rel=""nofollow"">Zendesk</a>","farfetch",0,FALSE,FALSE,NA,NA
"34","Don't miss our own @Farfetch_jose talking leadership at @WebSummit: ",FALSE,8,NA,2017-11-07 12:54:13,FALSE,NA,"927881878048333825",NA,"<a href=""http://twitter.com"" rel=""nofollow"">Twitter Web Client</a>","farfetch",2,FALSE,FALSE,NA,NA
"35","@maz5 Hello! Thank you for contacting us! Was there something that you needed help with? Thanks, Farfetch",FALSE,0,"maz5",2017-10-25 17:08:38,FALSE,"923223032189120518","923234861279739911","19265196","<a href=""http://www.zendesk.com"" rel=""nofollow"">Zendesk</a>","farfetch",0,FALSE,FALSE,NA,NA
"36","I want my designs to allow women to feel strong, feminine [and] sexy. @StellaMcCartney talks fashion: ",FALSE,18,NA,2017-10-25 00:09:50,TRUE,NA,"922978470036213760",NA,"<a href=""http://www.hootsuite.com"" rel=""nofollow"">Hootsuite</a>","farfetch",4,FALSE,FALSE,NA,NA
"37","Congrats to our own @Farfetch_jose for his #FashionAwards nomination as Business Leader! ",FALSE,11,NA,2017-10-23 12:55:51,FALSE,NA,"922446471038980096",NA,"<a href=""http://twitter.com"" rel=""nofollow"">Twitter Web Client</a>","farfetch",1,FALSE,FALSE,NA,NA
"38","@damndee__ It happens to the best of us. ",FALSE,0,"damndee__",2017-10-22 21:55:09,FALSE,"922127465476182016","922219802374098945","324116705","<a href=""http://twitter.com/download/iphone"" rel=""nofollow"">Twitter for iPhone</a>","farfetch",0,FALSE,FALSE,NA,NA
"39","Follow us on Instagram to see more pint-size street style stars: ",FALSE,6,NA,2017-10-22 21:51:13,FALSE,NA,"922218813659246592",NA,"<a href=""http://twitter.com/download/iphone"" rel=""nofollow"">Twitter for iPhone</a>","farfetch",1,FALSE,FALSE,NA,NA
"40","@itssunny Hello, can you please send us a DM with your order number so we can look into it for you. Thanks, Farfetch",FALSE,1,"itssunny",2017-10-22 19:35:11,FALSE,"922160457342787584","922184576809791488","22511805","<a href=""http://www.zendesk.com"" rel=""nofollow"">Zendesk</a>","farfetch",0,FALSE,FALSE,NA,NA
"41","Weve got winter wrapped with the smartest, warmest coats of the season: ",FALSE,2,NA,2017-10-22 19:00:51,FALSE,NA,"922175937344688129",NA,"<a href=""http://www.hootsuite.com"" rel=""nofollow"">Hootsuite</a>","farfetch",0,FALSE,FALSE,NA,NA
"42","True or False: You need new shoes. ",FALSE,4,NA,2017-10-22 17:48:14,FALSE,NA,"922157665027067905",NA,"<a href=""http://twitter.com/download/iphone"" rel=""nofollow"">Twitter for iPhone</a>","farfetch",1,FALSE,FALSE,NA,NA
"43","You're in for a treat! Make sure your little one is decked out in the bestand spookieststyles this Halloween: ",FALSE,3,NA,2017-10-22 14:15:12,TRUE,NA,"922104050455339008",NA,"<a href=""http://www.hootsuite.com"" rel=""nofollow"">Hootsuite</a>","farfetch",0,FALSE,FALSE,NA,NA
"44","The Most Wanted pieces of the season that you can't get enough of: @YSL @shopredone #Attico ",FALSE,5,NA,2017-10-22 11:05:25,FALSE,NA,"922056289823481856",NA,"<a href=""http://www.hootsuite.com"" rel=""nofollow"">Hootsuite</a>","farfetch",2,FALSE,FALSE,NA,NA
"45","From Simon Miller to Cult Gaia, these are the handbag labelsand stylesyou need right now: ",FALSE,6,NA,2017-10-22 03:00:25,FALSE,NA,"921934237917433857",NA,"<a href=""http://www.hootsuite.com"" rel=""nofollow"">Hootsuite</a>","farfetch",2,FALSE,FALSE,NA,NA
"46","10 exclusive pieces from #ExInfinitas highly limited capsule collection: ",FALSE,1,NA,2017-10-22 00:46:38,FALSE,NA,"921900567819177984",NA,"<a href=""http://www.hootsuite.com"" rel=""nofollow"">Hootsuite</a>","farfetch",1,FALSE,FALSE,NA,NA
"47","The limited edition black @MarceloBurlonx x @Reebok Zoku sneakers have arrived! Hurrythey won't be around for long ",FALSE,9,NA,2017-10-19 11:56:56,TRUE,NA,"920982093546520577",NA,"<a href=""http://www.hootsuite.com"" rel=""nofollow"">Hootsuite</a>","farfetch",3,FALSE,FALSE,NA,NA
"48","From puffers to trenches, consider yourself covered this season with our round-up of #AW17's finest coats: ",FALSE,7,NA,2017-10-19 01:29:20,TRUE,NA,"920824153439076358",NA,"<a href=""http://www.hootsuite.com"" rel=""nofollow"">Hootsuite</a>","farfetch",0,FALSE,FALSE,NA,NA
"49","@ferdinand_l0 Hello! Thank you reaching out! Would you be so kind and send us a DM, so that we can further discuss you inquiry. Thanks, F...",FALSE,0,"ferdinand_l0",2017-10-17 22:53:55,FALSE,"920344546940276738","920422653873348610","829770788463054849","<a href=""http://www.zendesk.com"" rel=""nofollow"">Zendesk</a>","farfetch",0,FALSE,FALSE,NA,NA
"50","@MrSalPerez Hello! Thank you for your feedback! We greatly appreciate your patronage and loyalty. Thanks, Farfetch.",FALSE,1,"MrSalPerez",2017-10-17 22:50:56,FALSE,"920346775306649600","920421901402624001","33577529","<a href=""http://www.zendesk.com"" rel=""nofollow"">Zendesk</a>","farfetch",0,FALSE,FALSE,NA,NA
"51","What emoji best describes your Halloween costume?",FALSE,1,NA,2017-10-15 23:22:50,FALSE,NA,"919705152763891713",NA,"<a href=""http://twitter.com/download/iphone"" rel=""nofollow"">Twitter for iPhone</a>","farfetch",1,FALSE,FALSE,NA,NA
"52","Spotted at #ShanghaiFashionWeek: Monochrome makes that trompe l'oeil Prada bag stand out. See more: ",FALSE,7,NA,2017-10-15 19:10:13,TRUE,NA,"919641581468241922",NA,"<a href=""http://www.hootsuite.com"" rel=""nofollow"">Hootsuite</a>","farfetch",0,FALSE,FALSE,NA,NA
"53","Hello, daddy! Seriously, dadcore really is a thing: ",FALSE,7,NA,2017-10-15 17:10:12,FALSE,NA,"919611375055441920",NA,"<a href=""http://www.hootsuite.com"" rel=""nofollow"">Hootsuite</a>","farfetch",0,FALSE,FALSE,NA,NA
"54","Bundle up your mini-me in the best kidswear fall has to offer: ",FALSE,0,NA,2017-10-15 15:05:12,FALSE,NA,"919579917976834048",NA,"<a href=""http://www.hootsuite.com"" rel=""nofollow"">Hootsuite</a>","farfetch",0,FALSE,FALSE,NA,NA
"55","The 10 best vintage pieces to invest in now, according to @ANGELOVINTAGE: ",FALSE,5,NA,2017-10-15 12:55:22,FALSE,NA,"919547247343349760",NA,"<a href=""http://www.hootsuite.com"" rel=""nofollow"">Hootsuite</a>","farfetch",0,FALSE,FALSE,NA,NA
"56","10 monochrome essentials every wardrobe needs, picked by @kaity_modern: ",FALSE,3,NA,2017-10-14 18:50:13,FALSE,NA,"919274158546145280",NA,"<a href=""http://www.hootsuite.com"" rel=""nofollow"">Hootsuite</a>","farfetch",0,FALSE,FALSE,NA,NA
"57","Ksubi x @trvisXX. It won't be around for long: ",FALSE,3,NA,2017-10-14 15:55:14,FALSE,NA,"919230122150039554",NA,"<a href=""http://www.hootsuite.com"" rel=""nofollow"">Hootsuite</a>","farfetch",0,FALSE,FALSE,NA,NA
"58","Are you a @chloefashion girl? Shop Clare Waight Keller's final collection for the French fashion house: ",FALSE,4,NA,2017-10-14 14:40:59,TRUE,NA,"919211436441849856",NA,"<a href=""http://www.hootsuite.com"" rel=""nofollow"">Hootsuite</a>","farfetch",1,FALSE,FALSE,NA,NA
"59","William Banks-Blaney of @WilliamVintage shares 5 iconic Versace pieces from his unrivaled collection: @marieclaireuk",FALSE,1,NA,2017-10-13 13:37:16,FALSE,NA,"918833013814976512",NA,"<a href=""http://www.hootsuite.com"" rel=""nofollow"">Hootsuite</a>","farfetch",0,FALSE,FALSE,NA,NA
"60","The Great @VANS_66 Debate: What colour did you see?  We just might need to change that product description . . . ",FALSE,1,NA,2017-10-13 01:32:32,FALSE,NA,"918650631757365249",NA,"<a href=""http://twitter.com/download/iphone"" rel=""nofollow"">Twitter for iPhone</a>","farfetch",0,FALSE,FALSE,NA,NA
"61","@edu_timm Farfetch no oferece o servio de troca, mas pode usar o nosso sistema de devolues gratuitas para receber o valor de volta.",FALSE,0,"edu_timm",2017-10-12 09:34:37,FALSE,"917569694600777730","918409561404592128","57810410","<a href=""http://www.zendesk.com"" rel=""nofollow"">Zendesk</a>","farfetch",0,FALSE,FALSE,NA,NA
"62","@edu_timm Farfetch  uma plataforma que trabalha com parceiros de todo o mundo. Infelizmente, no  possvel provar os artigos na loja.",FALSE,0,"edu_timm",2017-10-11 12:35:36,FALSE,"917569694600777730","918092721155342338","57810410","<a href=""http://www.zendesk.com"" rel=""nofollow"">Zendesk</a>","farfetch",0,FALSE,FALSE,NA,NA
"63","From 1981 to Giannis final show in 1997500 pieces from @WilliamVintages exclusive Versace collection are here: ",FALSE,10,NA,2017-10-10 18:55:34,TRUE,NA,"917825954717818883",NA,"<a href=""http://twitter.com"" rel=""nofollow"">Twitter Web Client</a>","farfetch",2,FALSE,FALSE,NA,NA
"64","The best boots of the season are herewhat's your poison?  @aquazzura @MaisonValentino ",FALSE,6,NA,2017-10-08 17:15:17,TRUE,NA,"917075942429904896",NA,"<a href=""http://www.hootsuite.com"" rel=""nofollow"">Hootsuite</a>","farfetch",2,FALSE,FALSE,NA,NA
"65","What to see, what to do, and (most importantly) what to wear this month: ",FALSE,4,NA,2017-10-08 15:10:12,FALSE,NA,"917044464312553473",NA,"<a href=""http://www.hootsuite.com"" rel=""nofollow"">Hootsuite</a>","farfetch",1,FALSE,FALSE,NA,NA
"66","To all the hopeless romantics out there, these fall dresses are for you: @MarchesaFashion ",FALSE,7,NA,2017-10-08 13:56:16,TRUE,NA,"917025858640142336",NA,"<a href=""http://www.hootsuite.com"" rel=""nofollow"">Hootsuite</a>","farfetch",1,FALSE,FALSE,NA,NA
"67","Check mate! Find the perfect plaid for fall: ",FALSE,6,NA,2017-10-07 22:52:00,FALSE,NA,"916798289651142657",NA,"<a href=""http://www.hootsuite.com"" rel=""nofollow"">Hootsuite</a>","farfetch",2,FALSE,FALSE,NA,NA
"68","Shine on! The best metallic accessories of the season are here: @OffWht @proenzaschouler ",FALSE,7,NA,2017-10-07 22:35:37,TRUE,NA,"916794167216484353",NA,"<a href=""http://www.hootsuite.com"" rel=""nofollow"">Hootsuite</a>","farfetch",1,FALSE,FALSE,NA,NA
"69","Hello, are you there? @WilliamVintage's @Versace collection is coming to Farfetch and @carovreeland got a sneak pee ",FALSE,19,NA,2017-10-06 18:25:18,TRUE,NA,"916368783958335488",NA,"<a href=""http://www.hootsuite.com"" rel=""nofollow"">Hootsuite</a>","farfetch",5,FALSE,FALSE,NA,NA
"70","When @ThomBrowneNY met @coletteparisan exclusive look at the new collaboration: ",FALSE,4,NA,2017-10-05 19:26:23,FALSE,NA,"916021769424785408",NA,"<a href=""http://www.hootsuite.com"" rel=""nofollow"">Hootsuite</a>","farfetch",0,FALSE,FALSE,NA,NA
"71","What's the one word you would use to describe #PFW?",FALSE,1,NA,2017-10-01 22:51:27,FALSE,NA,"914623826654310400",NA,"<a href=""http://twitter.com/download/iphone"" rel=""nofollow"">Twitter for iPhone</a>","farfetch",0,FALSE,FALSE,NA,NA
"72","Our own Candice Fragis joined @BritishVogue to talk #LFW. Watch now! ",FALSE,2,NA,2017-10-01 21:03:12,FALSE,NA,"914596584490446848",NA,"<a href=""http://twitter.com/download/iphone"" rel=""nofollow"">Twitter for iPhone</a>","farfetch",1,FALSE,FALSE,NA,NA
"73","Need a wardrobe reboot? 400+ new arrivals have just landed at Farfetch: ",FALSE,4,NA,2017-10-01 07:00:33,FALSE,NA,"914384522262843392",NA,"<a href=""http://www.hootsuite.com"" rel=""nofollow"">Hootsuite</a>","farfetch",2,FALSE,FALSE,NA,NA
"74","From @Versace to @Burberry, these are the perfect looks for your mini-me: ",FALSE,7,NA,2017-10-01 00:06:18,FALSE,NA,"914280274829115394",NA,"<a href=""http://www.hootsuite.com"" rel=""nofollow"">Hootsuite</a>","farfetch",0,FALSE,FALSE,NA,NA
"75","5 fashion houses with a fresh creative vision = 5 coveted collections to shop this season: ",FALSE,6,NA,2017-09-30 19:50:07,FALSE,NA,"914215804731891712",NA,"<a href=""http://www.hootsuite.com"" rel=""nofollow"">Hootsuite</a>","farfetch",5,FALSE,FALSE,NA,NA
"76","Just landed! @amiparis s exclusive new capsule collection covers all the essentialsand much more: ",FALSE,7,NA,2017-09-30 11:01:35,TRUE,NA,"914082791872229376",NA,"<a href=""http://twitter.com"" rel=""nofollow"">Twitter Web Client</a>","farfetch",2,FALSE,FALSE,NA,NA
"77","Meet the 5 fashion bloggers falling for @TemperleyLondon's coolest collection yet: ",FALSE,8,NA,2017-09-29 09:30:14,FALSE,NA,"913697418855804928",NA,"<a href=""http://www.hootsuite.com"" rel=""nofollow"">Hootsuite</a>","farfetch",1,FALSE,FALSE,NA,NA
"78","Five-year-old you is about to be very happy@Moschino's My Little Pony collection has arrived straight from #MFW: ",FALSE,6,NA,2017-09-28 21:20:58,TRUE,NA,"913513889693880321",NA,"<a href=""http://www.hootsuite.com"" rel=""nofollow"">Hootsuite</a>","farfetch",4,FALSE,FALSE,NA,NA
"79","That's a wrap on #MFW! What was your favourite moment?",FALSE,3,NA,2017-09-25 01:12:22,FALSE,NA,"912122572359299072",NA,"<a href=""http://twitter.com/download/iphone"" rel=""nofollow"">Twitter for iPhone</a>","farfetch",1,FALSE,FALSE,NA,NA
"80","10 easy-to-wearbut avant-gardetailored vintage picks by @dotcommestore: ",FALSE,3,NA,2017-09-24 22:00:22,FALSE,NA,"912074256560873473",NA,"<a href=""http://www.hootsuite.com"" rel=""nofollow"">Hootsuite</a>","farfetch",1,FALSE,FALSE,NA,NA
"81","Oscar de la Renta kidswearneed we say more? @OscardelaRenta ",FALSE,8,NA,2017-09-24 21:05:29,FALSE,NA,"912060444604497920",NA,"<a href=""http://www.hootsuite.com"" rel=""nofollow"">Hootsuite</a>","farfetch",0,FALSE,FALSE,NA,NA
"82","Suit up this season: @YSL @gucci @MaisonValentino @ThomBrowneNY ",FALSE,8,NA,2017-09-24 18:00:54,FALSE,NA,"912013990330544128",NA,"<a href=""http://www.hootsuite.com"" rel=""nofollow"">Hootsuite</a>","farfetch",0,FALSE,FALSE,NA,NA
"83","In her own words, @rejinapyo's label was inspired by the multiple roles that women play in their everyday lives. ",FALSE,10,NA,2017-09-24 17:25:30,TRUE,NA,"912005083910541313",NA,"<a href=""http://www.hootsuite.com"" rel=""nofollow"">Hootsuite</a>","farfetch",3,FALSE,FALSE,NA,NA
"84","No one does luxury fashion quite like the Italians. Shop our favourite #MFW brands: ",FALSE,15,NA,2017-09-24 12:36:10,FALSE,NA,"911932269534892033",NA,"<a href=""http://twitter.com"" rel=""nofollow"">Twitter Web Client</a>","farfetch",1,FALSE,FALSE,NA,NA
"85","Never leave home without a denim jacket (I learned that one from experience!) @atprettybirds's 10 tips for #AW17: ",FALSE,4,NA,2017-09-21 17:06:24,TRUE,NA,"910913110353039360",NA,"<a href=""http://www.hootsuite.com"" rel=""nofollow"">Hootsuite</a>","farfetch",2,FALSE,FALSE,NA,NA
"86","@SvirchevskayaD    .      ,    customerou...",FALSE,0,"SvirchevskayaD",2017-09-21 15:15:43,FALSE,"910843954530324480","910885255544008704","556146841","<a href=""http://www.zendesk.com"" rel=""nofollow"">Zendesk</a>","farfetch",0,FALSE,FALSE,NA,NA
"87","NYC blogger @JovelRoystan's top picks for everyday wardrobe staples: ",FALSE,6,NA,2017-09-17 23:33:31,FALSE,NA,"909560981952585728",NA,"<a href=""http://www.hootsuite.com"" rel=""nofollow"">Hootsuite</a>","farfetch",1,FALSE,FALSE,NA,NA
"88","I really think you can never go wrong with a stripe, says @DerekLamNYC. See his 10 favourite ways to wear it: ",FALSE,7,NA,2017-09-17 22:59:21,TRUE,NA,"909552382492729344",NA,"<a href=""http://www.hootsuite.com"" rel=""nofollow"">Hootsuite</a>","farfetch",5,FALSE,FALSE,NA,NA
"89","Don't miss @wethepeoplefsn's takeover on our Instagram Stories during #LFW: ",FALSE,15,NA,2017-09-17 18:34:45,FALSE,NA,"909485794158678016",NA,"<a href=""http://www.hootsuite.com"" rel=""nofollow"">Hootsuite</a>","farfetch",4,FALSE,FALSE,NA,NA
"90","We're head over heels for this season's best shoestake a closer look: ",FALSE,8,NA,2017-09-08 18:19:45,FALSE,NA,"906220527731257345",NA,"<a href=""http://twitter.com"" rel=""nofollow"">Twitter Web Client</a>","farfetch",4,FALSE,FALSE,NA,NA
"91","Behold the power of @jacquemus: @alicezielasko ",FALSE,6,NA,2017-09-03 22:30:16,FALSE,NA,"904471634018525184",NA,"<a href=""http://www.hootsuite.com"" rel=""nofollow"">Hootsuite</a>","farfetch",1,FALSE,FALSE,NA,NA
"92","#NYFW is almost here! What are you looking forward to?",FALSE,2,NA,2017-09-03 22:18:32,FALSE,NA,"904468682147028994",NA,"<a href=""http://twitter.com/download/iphone"" rel=""nofollow"">Twitter for iPhone</a>","farfetch",0,FALSE,FALSE,NA,NA
"93","Everyone's favourite   got a makeover this season: @LoeweOfficial ",FALSE,7,NA,2017-09-03 21:55:06,FALSE,NA,"904462785165262850",NA,"<a href=""http://www.hootsuite.com"" rel=""nofollow"">Hootsuite</a>","farfetch",2,FALSE,FALSE,NA,NA
"94","@Juliettteee Can you please send us a DM with the brand and style of shoe so we can look into this for you/ Thanks, Farfetch",FALSE,0,"Juliettteee",2017-09-03 16:41:47,FALSE,"904254142377476096","904383936532447233","36312475","<a href=""http://www.zendesk.com"" rel=""nofollow"">Zendesk</a>","farfetch",0,FALSE,FALSE,NA,NA
"95","@watevererin Hello, Can you please send us a DM with your order information so we can look into it for you. Thanks, Farfetch",FALSE,0,NA,2017-09-03 16:40:40,FALSE,NA,"904383654989897728",NA,"<a href=""http://www.zendesk.com"" rel=""nofollow"">Zendesk</a>","farfetch",0,FALSE,FALSE,NA,NA
"96","@Rambz300 At this time, we unfortunately do not have any active promo codes. However, the best way to find out about upcoming sales, prom...",FALSE,1,"Rambz300",2017-09-03 16:38:41,FALSE,"903802663522983937","904383155469209601","804076450034962432","<a href=""http://www.zendesk.com"" rel=""nofollow"">Zendesk</a>","farfetch",0,FALSE,FALSE,NA,NA
"97","The ultimate #LaborDayWeekend style edit by NYC blogger 
@HeSpokeStyle: ",FALSE,1,NA,2017-09-03 16:20:09,FALSE,NA,"904378493127057409",NA,"<a href=""http://www.hootsuite.com"" rel=""nofollow"">Hootsuite</a>","farfetch",0,FALSE,FALSE,NA,NA
"98","How are you spending #LaborDayWeekend? ",FALSE,4,NA,2017-09-03 11:57:14,FALSE,NA,"904312326068764672",NA,"<a href=""http://twitter.com"" rel=""nofollow"">Twitter Web Client</a>","farfetch",1,FALSE,FALSE,NA,NA
"99","400+ new reasons to free up space in your wardrobe this weekend: @jacquemus ",FALSE,3,NA,2017-09-02 20:59:36,TRUE,NA,"904086428623233024",NA,"<a href=""http://www.hootsuite.com"" rel=""nofollow"">Hootsuite</a>","farfetch",1,FALSE,FALSE,NA,NA
"100","@lolburnst Hello, The best way to find out about upcoming sales and promotions is to sign up for our newsletter! Thanks, Farfetch",FALSE,0,"lolburnst",2017-09-01 23:48:37,FALSE,"903747719637766144","903766575853047808","1552486874","<a href=""http://www.zendesk.com"" rel=""nofollow"">Zendesk</a>","farfetch",0,FALSE,FALSE,NA,NA
"101","@MiloKomar Hola, lamentamos si hubo alguna confusion con el precio. Con mucho gusto te asistimos. Por favor mandanos un mensaje directo. ...",FALSE,0,"MiloKomar",2017-09-01 22:05:38,FALSE,"903732073529212928","903740657591873537","1487984412","<a href=""http://www.zendesk.com"" rel=""nofollow"">Zendesk</a>","farfetch",0,FALSE,FALSE,NA,NA
"102","@RaghadAlha At this time, we unfortunately do not have any active promo codes. However, the best way to find out about upcoming sales, pr...",FALSE,0,"RaghadAlha",2017-09-01 00:03:53,FALSE,"902989518189539328","903408028338282497","4202171537","<a href=""http://www.zendesk.com"" rel=""nofollow"">Zendesk</a>","farfetch",0,FALSE,FALSE,NA,NA
"103","This is how @rihanna does back-to-schoolwith @FENTYXPUMA creepers: ",FALSE,5,NA,2017-08-31 16:19:53,FALSE,NA,"903291262048116742",NA,"<a href=""http://www.hootsuite.com"" rel=""nofollow"">Hootsuite</a>","farfetch",0,FALSE,FALSE,NA,NA
"104","Have you discovered Raf Simons' bold new take on American classics at@CalvinKlein 205W39NYC? ",FALSE,7,NA,2017-08-31 13:32:31,FALSE,NA,"903249142872498176",NA,"<a href=""http://www.hootsuite.com"" rel=""nofollow"">Hootsuite</a>","farfetch",0,FALSE,FALSE,NA,NA
"105","Wear @BALENCIAGA and you should expect to be watched. Take a peek at the new AW17 collection and shop now: ",FALSE,12,NA,2017-08-30 07:49:59,TRUE,NA,"902800552601559043",NA,"<a href=""http://twitter.com"" rel=""nofollow"">Twitter Web Client</a>","farfetch",3,FALSE,FALSE,NA,NA
"106","All eyes are on @BALENCIAGA this season. See more of the new AW17 collection: ",FALSE,4,NA,2017-08-29 18:49:23,FALSE,NA,"902604108686909440",NA,"<a href=""http://twitter.com"" rel=""nofollow"">Twitter Web Client</a>","farfetch",2,FALSE,FALSE,NA,NA
"107","We've got a velvet crush: @YSL @OffWht @bbruzziches #Attico ",FALSE,9,NA,2017-08-27 17:15:15,FALSE,NA,"901855642578771968",NA,"<a href=""http://www.hootsuite.com"" rel=""nofollow"">Hootsuite</a>","farfetch",0,FALSE,FALSE,NA,NA
"108","Why @PringleScotland deserves a spot in your fall wardrobe: ",FALSE,8,NA,2017-08-27 12:20:13,FALSE,NA,"901781393562271744",NA,"<a href=""http://www.hootsuite.com"" rel=""nofollow"">Hootsuite</a>","farfetch",0,FALSE,FALSE,NA,NA
"109","Fill in the blank: A long weekend is best spent ____________ .",FALSE,1,NA,2017-08-27 10:31:37,FALSE,NA,"901754066589573120",NA,"<a href=""http://twitter.com/download/iphone"" rel=""nofollow"">Twitter for iPhone</a>","farfetch",0,FALSE,FALSE,NA,NA
"110","10 ways to add a little (or a lot) of pink to your look this season, courtesy of @mressentialist: ",FALSE,7,NA,2017-08-26 19:00:33,TRUE,NA,"901519753105334272",NA,"<a href=""http://www.hootsuite.com"" rel=""nofollow"">Hootsuite</a>","farfetch",2,FALSE,FALSE,NA,NA
"111","The pursuit of the perfect handbag is not easy. Enter @aestherekme: ",FALSE,4,NA,2017-08-26 14:25:11,FALSE,NA,"901450455708028928",NA,"<a href=""http://www.hootsuite.com"" rel=""nofollow"">Hootsuite</a>","farfetch",0,FALSE,FALSE,NA,NA
"112","Follow @TheAlexBadia's chic holiday travels through Formentera in our Instagram Stories: ",FALSE,1,NA,2017-08-26 07:08:52,FALSE,NA,"901340652520321024",NA,"<a href=""http://www.hootsuite.com"" rel=""nofollow"">Hootsuite</a>","farfetch",0,FALSE,FALSE,NA,NA
"113","If you want to mean business this season, at work or at play, these are the looks that are right on the money: ",FALSE,7,NA,2017-08-24 09:10:10,TRUE,NA,"900646403722141696",NA,"<a href=""http://www.hootsuite.com"" rel=""nofollow"">Hootsuite</a>","farfetch",0,FALSE,FALSE,NA,NA
"114","The ultimate looks for mini-me trendsetters: ",FALSE,3,NA,2017-08-23 15:45:23,FALSE,NA,"900383474472890368",NA,"<a href=""http://www.hootsuite.com"" rel=""nofollow"">Hootsuite</a>","farfetch",1,FALSE,FALSE,NA,NA
"115","Do you know @WoutersHendrix? Think elegantly understated designs using decadent natural materials: ",FALSE,5,NA,2017-08-23 14:10:22,TRUE,NA,"900359563047714820",NA,"<a href=""http://www.hootsuite.com"" rel=""nofollow"">Hootsuite</a>","farfetch",1,FALSE,FALSE,NA,NA
"116","8 steps to mastering AW17s new take on power dressing: ",FALSE,5,NA,2017-08-23 08:56:31,FALSE,NA,"900280580465729536",NA,"<a href=""http://www.hootsuite.com"" rel=""nofollow"">Hootsuite</a>","farfetch",0,FALSE,FALSE,NA,NA
"117","@Therthaar Hello, We do not have this product in our inventory. Thanks, Farfetch",FALSE,0,"Therthaar",2017-08-22 23:12:34,FALSE,"899681409476042752","900133623671783424","3311298781","<a href=""http://www.zendesk.com"" rel=""nofollow"">Zendesk</a>","farfetch",0,FALSE,FALSE,NA,NA
"118","@Therthaar Please send us a private message with the Farfetch item ID for more information. Thanks, Farfetch.",FALSE,0,"Therthaar",2017-08-22 20:24:38,FALSE,"899681409476042752","900091361105502214","3311298781","<a href=""http://www.zendesk.com"" rel=""nofollow"">Zendesk</a>","farfetch",0,FALSE,FALSE,NA,NA
"119","@Bensonchin2 Hello, The material of the product is stated on the product page under Composition &amp; Care. You can DM us for full details also.",FALSE,0,"Bensonchin2",2017-08-22 17:45:14,FALSE,"900016031971901442","900051248854032384","823079699349786624","<a href=""http://www.zendesk.com"" rel=""nofollow"">Zendesk</a>","farfetch",0,FALSE,FALSE,NA,NA
"120","@2jsvlcedo_2 Hello, We will assist you via direct message. Thanks, Farfetch",FALSE,1,"2jsvlcedo_2",2017-08-22 17:34:54,FALSE,"900014902370213888","900048650017136640","897270312076693504","<a href=""http://www.zendesk.com"" rel=""nofollow"">Zendesk</a>","farfetch",0,FALSE,FALSE,NA,NA
"121","@Therthaar Hello, We ship to Germany all the time. Please DM us with the Farfetch item ID for more information. Thanks, Farfetch.",FALSE,0,"Therthaar",2017-08-22 17:26:35,FALSE,"899681409476042752","900046553360068609","3311298781","<a href=""http://www.zendesk.com"" rel=""nofollow"">Zendesk</a>","farfetch",0,FALSE,FALSE,NA,NA
"122","@zenxolex Hello, We are unsure at the moment, stock is dependent on our partner boutiques. Subscribe to our newsletter for updates. Thanks!",FALSE,0,"zenxolex",2017-08-22 17:07:15,FALSE,"899627337502916609","900041689968017408","787059205941362689","<a href=""http://www.zendesk.com"" rel=""nofollow"">Zendesk</a>","farfetch",0,FALSE,FALSE,NA,NA
"123","It's not all business this season. Discover the new laid-back yet perfectly tailored silhouette: ",FALSE,6,NA,2017-08-22 15:41:05,TRUE,NA,"900020004560801792",NA,"<a href=""http://twitter.com"" rel=""nofollow"">Twitter Web Client</a>","farfetch",0,FALSE,FALSE,NA,NA
"124","The pieces, the designers and everything else you need to know to pull off this season's power dressing: ",FALSE,4,NA,2017-08-22 15:39:37,TRUE,NA,"900019637227855872",NA,"<a href=""http://twitter.com"" rel=""nofollow"">Twitter Web Client</a>","farfetch",0,FALSE,FALSE,NA,NA
"125","How would you define your look? 3 boutiques hand-pick pieces for 3 different personal styles: ",FALSE,3,NA,2017-08-20 15:12:18,TRUE,NA,"899287985178279936",NA,"<a href=""http://twitter.com/download/iphone"" rel=""nofollow"">Twitter for iPhone</a>","farfetch",0,FALSE,FALSE,NA,NA
"126","The cat's out of the bag. Find the best feline prints for your little one this season: ",FALSE,7,NA,2017-08-20 05:40:06,TRUE,NA,"899143989114408960",NA,"<a href=""http://www.hootsuite.com"" rel=""nofollow"">Hootsuite</a>","farfetch",0,FALSE,FALSE,NA,NA
"127","What's on your Farfetch Wishlist right now?",FALSE,4,NA,2017-08-20 03:41:53,FALSE,NA,"899114235103371265",NA,"<a href=""http://twitter.com/download/iphone"" rel=""nofollow"">Twitter for iPhone</a>","farfetch",1,FALSE,FALSE,NA,NA
"128","On #Caturday, a @DIESEL ""Cat-astrophy.""
",FALSE,6,NA,2017-08-19 18:22:29,FALSE,NA,"898973460365324288",NA,"<a href=""http://twitter.com/download/iphone"" rel=""nofollow"">Twitter for iPhone</a>","farfetch",1,FALSE,FALSE,NA,NA
"129","From backpacks to weekenders, this is your ultimate bag guide: #FarfetchMan ",FALSE,4,NA,2017-08-19 11:40:08,FALSE,NA,"898872203868905472",NA,"<a href=""http://www.hootsuite.com"" rel=""nofollow"">Hootsuite</a>","farfetch",0,FALSE,FALSE,NA,NA
"130","Bend the gender rulesLoulou de Saison blogger Chlo Harrouche shares her must-have androgynous dressing picks: ",FALSE,5,NA,2017-08-19 09:35:06,TRUE,NA,"898840739005714433",NA,"<a href=""http://www.hootsuite.com"" rel=""nofollow"">Hootsuite</a>","farfetch",0,FALSE,FALSE,NA,NA
"131","Designer @tabithasimmons_ picks 10 shoes of the season that will take you from day to night: ",FALSE,6,NA,2017-08-19 06:30:16,FALSE,NA,"898794223385837568",NA,"<a href=""http://www.hootsuite.com"" rel=""nofollow"">Hootsuite</a>","farfetch",2,FALSE,FALSE,NA,NA
"132","Why not suit up for a night out? @McQueen @YSL ",FALSE,4,NA,2017-08-19 00:18:02,FALSE,NA,"898700548979007489",NA,"<a href=""http://www.hootsuite.com"" rel=""nofollow"">Hootsuite</a>","farfetch",1,FALSE,FALSE,NA,NA
"133","#TheOne is waiting for you . . . discover your new season wardrobe: @rosieassoulin ",FALSE,3,NA,2017-08-18 15:17:09,TRUE,NA,"898564430769737729",NA,"<a href=""http://www.hootsuite.com"" rel=""nofollow"">Hootsuite</a>","farfetch",0,FALSE,FALSE,NA,NA
"134","Blogger @GiottoCalendoli sums up his style in 10 statement pieces: ",FALSE,7,NA,2017-08-16 09:15:11,FALSE,NA,"897748564364939264",NA,"<a href=""http://www.hootsuite.com"" rel=""nofollow"">Hootsuite</a>","farfetch",0,FALSE,FALSE,NA,NA
"135","This season, the power is in the palm of your hand. Which bag is #TheOne for you? ",FALSE,4,NA,2017-08-15 23:37:59,FALSE,NA,"897603304481574913",NA,"<a href=""http://www.hootsuite.com"" rel=""nofollow"">Hootsuite</a>","farfetch",2,FALSE,FALSE,NA,NA
"136","@MattBlakemore Hello Matt! We would be happy to assist. Please send us a DM with more information. Thanks, Farfetch,",FALSE,0,"MattBlakemore",2017-08-14 23:24:51,FALSE,"897227713341247488","897237615212195840","25857141","<a href=""http://www.zendesk.com"" rel=""nofollow"">Zendesk</a>","farfetch",0,FALSE,FALSE,NA,NA
"137","Tailor your look this season with @StellaMcCartney: ",FALSE,6,NA,2017-08-13 20:20:08,FALSE,NA,"896828739425894409",NA,"<a href=""http://www.hootsuite.com"" rel=""nofollow"">Hootsuite</a>","farfetch",1,FALSE,FALSE,NA,NA
"138","There's nothing like a new activewear ensemble to motivate your workouts: @TheUpsideLife ",FALSE,7,NA,2017-08-13 18:30:25,TRUE,NA,"896801127844524033",NA,"<a href=""http://www.hootsuite.com"" rel=""nofollow"">Hootsuite</a>","farfetch",1,FALSE,FALSE,NA,NA
"139","Dress for yourself and no one else. 8 out-there trends to embrace this season: ",FALSE,7,NA,2017-08-13 17:05:12,FALSE,NA,"896779683798372352",NA,"<a href=""http://www.hootsuite.com"" rel=""nofollow"">Hootsuite</a>","farfetch",2,FALSE,FALSE,NA,NA
"140","Im not really into fashion, Im more into style. In conversation with @joeyBADASS: ",FALSE,9,NA,2017-08-13 15:52:27,FALSE,NA,"896761375846010882",NA,"<a href=""http://www.hootsuite.com"" rel=""nofollow"">Hootsuite</a>","farfetch",2,FALSE,FALSE,NA,NA
"141","What's your ultimate weekend getaway?",FALSE,0,NA,2017-08-12 12:11:27,FALSE,NA,"896343369491693568",NA,"<a href=""http://twitter.com"" rel=""nofollow"">Twitter Web Client</a>","farfetch",0,FALSE,FALSE,NA,NA
"142","Your AW17 wardrobe is waiting...follow us on Instagram for inspiration. ",FALSE,2,NA,2017-08-12 12:02:50,FALSE,NA,"896341204006191104",NA,"<a href=""https://ads.twitter.com"" rel=""nofollow"">Twitter Ads</a>","farfetch",0,FALSE,FALSE,NA,NA
"143","The sun sets on another day of Copenhagen Fashion Week! Don't miss highlights in our Instagram Story: ",FALSE,11,NA,2017-08-10 21:45:17,TRUE,NA,"895763005719408640",NA,"<a href=""http://twitter.com"" rel=""nofollow"">Twitter Web Client</a>","farfetch",3,FALSE,FALSE,NA,NA
"144","We're excited to welcome @yasminsewell to Farfetch! ",FALSE,8,NA,2017-08-10 11:00:19,FALSE,NA,"895600692160634880",NA,"<a href=""http://twitter.com"" rel=""nofollow"">Twitter Web Client</a>","farfetch",3,FALSE,FALSE,NA,NA
"145","All the whimsy and fun of @StellaMcCartney in mini-me formshop #StellaKids: ",FALSE,9,NA,2017-08-06 22:55:06,FALSE,NA,"894331024175493120",NA,"<a href=""http://www.hootsuite.com"" rel=""nofollow"">Hootsuite</a>","farfetch",2,FALSE,FALSE,NA,NA
"146","Channel the blues this season: @TemperleyLondon @NKirkwoodLondon @MarkCrossPRgirl ",FALSE,10,NA,2017-08-06 22:42:11,FALSE,NA,"894327773124329476",NA,"<a href=""http://www.hootsuite.com"" rel=""nofollow"">Hootsuite</a>","farfetch",3,FALSE,FALSE,NA,NA
"147","No excuse needed to indulge in one of the best new bags of the season: ",FALSE,4,NA,2017-08-06 21:25:14,FALSE,NA,"894308409746628614",NA,"<a href=""http://www.hootsuite.com"" rel=""nofollow"">Hootsuite</a>","farfetch",1,FALSE,FALSE,NA,NA
"148","Back to School time isn't just for the kids. How will you prep for the new season?",FALSE,2,NA,2017-08-06 21:15:04,FALSE,NA,"894305850654957568",NA,"<a href=""http://twitter.com"" rel=""nofollow"">Twitter Web Client</a>","farfetch",1,FALSE,FALSE,NA,NA
"149","Are you ready to take flight this season? @Dsquared2 @MaisonValentino #FarfetchMan ",FALSE,5,NA,2017-08-06 13:20:46,FALSE,NA,"894186488400941057",NA,"<a href=""http://www.hootsuite.com"" rel=""nofollow"">Hootsuite</a>","farfetch",1,FALSE,FALSE,NA,NA
"150","I like to see @FigueLoves aesthetic as a little bohemian and a little adventurous. 10 Figue vacation essentials: ",FALSE,3,NA,2017-08-05 19:45:10,TRUE,NA,"893920836872265730",NA,"<a href=""http://www.hootsuite.com"" rel=""nofollow"">Hootsuite</a>","farfetch",0,FALSE,FALSE,NA,NA
"151","Do you dare to clash this season? Find the best prints and patterns to wear together: ",FALSE,2,NA,2017-08-05 18:15:35,FALSE,NA,"893898293687853057",NA,"<a href=""http://www.hootsuite.com"" rel=""nofollow"">Hootsuite</a>","farfetch",2,FALSE,FALSE,NA,NA
"152","An unexpected take on the @Nike Air Force 1, courtesy of Comme des Garons:  ",FALSE,6,NA,2017-08-01 11:56:58,FALSE,NA,"892353457293807616",NA,"<a href=""http://www.hootsuite.com"" rel=""nofollow"">Hootsuite</a>","farfetch",3,FALSE,FALSE,NA,NA
"153","@KylieChuaLiu Hi,Unfortunately we do not have any promotions running at present. Please keeping checking for updates! Thanks, Farfetch",FALSE,0,"KylieChuaLiu",2017-07-31 03:05:23,FALSE,"891127199146721280","891857295340163072","514046412","<a href=""http://www.zendesk.com"" rel=""nofollow"">Zendesk</a>","farfetch",0,FALSE,FALSE,NA,NA
"154","Is there anything better than brand new Gucci? Brand new Gucci Kids of course: ",FALSE,4,NA,2017-07-30 22:30:18,FALSE,NA,"891788066431672321",NA,"<a href=""http://www.hootsuite.com"" rel=""nofollow"">Hootsuite</a>","farfetch",1,FALSE,FALSE,NA,NA
"155","We're in a new season state of mindsee what we've got our eye on: ",FALSE,4,NA,2017-07-30 21:43:06,FALSE,NA,"891776188179501056",NA,"<a href=""http://www.hootsuite.com"" rel=""nofollow"">Hootsuite</a>","farfetch",2,FALSE,FALSE,NA,NA
"156","Make your statement this season in @OffWht's unmistakable logo: ",FALSE,6,NA,2017-07-30 01:44:20,FALSE,NA,"891474507495505924",NA,"<a href=""http://www.hootsuite.com"" rel=""nofollow"">Hootsuite</a>","farfetch",1,FALSE,FALSE,NA,NA
"157","The Raf Simons aesthetic is unmistakable. Get a piece of the Mapplethorpe collection before it's gone: ",FALSE,4,NA,2017-07-29 20:14:41,TRUE,NA,"891391548830744576",NA,"<a href=""http://www.hootsuite.com"" rel=""nofollow"">Hootsuite</a>","farfetch",0,FALSE,FALSE,NA,NA
"158","The best bags this season come in the most unexpected shapes. @BALENCIAGA ",FALSE,7,NA,2017-07-28 10:05:13,FALSE,NA,"890875786064011265",NA,"<a href=""http://www.hootsuite.com"" rel=""nofollow"">Hootsuite</a>","farfetch",1,FALSE,FALSE,NA,NA
"159","Consider this your definitive guide to the new season: ",FALSE,3,NA,2017-07-27 17:58:40,FALSE,NA,"890632544617496576",NA,"<a href=""http://www.hootsuite.com"" rel=""nofollow"">Hootsuite</a>","farfetch",1,FALSE,FALSE,NA,NA
"160","@SW6God All prices are defined by our independent partner.Thank you for your understanding.Thanks,Farfetch",FALSE,0,"SW6God",2017-07-27 02:49:40,FALSE,"890315142461784064","890403787936083968","273589831","<a href=""http://www.zendesk.com"" rel=""nofollow"">Zendesk</a>","farfetch",0,FALSE,FALSE,NA,NA
"161","@SW6God Hi, unfortunately we do not price match with other sites. Farfetch is an online platform.",FALSE,0,"SW6God",2017-07-27 02:46:37,FALSE,"890315142461784064","890403019648577536","273589831","<a href=""http://www.zendesk.com"" rel=""nofollow"">Zendesk</a>","farfetch",0,FALSE,FALSE,NA,NA
"162","Your new wardrobe inspiration is waiting. ",FALSE,1,NA,2017-07-24 20:12:09,FALSE,NA,"889578973272850433",NA,"<a href=""https://ads.twitter.com"" rel=""nofollow"">Twitter Ads</a>","farfetch",0,FALSE,FALSE,NA,NA
"163","What's your go-to travel suitcase?",FALSE,2,NA,2017-07-23 23:05:01,FALSE,NA,"889260090032889860",NA,"<a href=""http://twitter.com/download/iphone"" rel=""nofollow"">Twitter for iPhone</a>","farfetch",0,FALSE,FALSE,NA,NA
"164","Hang on to these standout totes this season: ",FALSE,2,NA,2017-07-23 21:25:16,FALSE,NA,"889234986200702976",NA,"<a href=""http://www.hootsuite.com"" rel=""nofollow"">Hootsuite</a>","farfetch",0,FALSE,FALSE,NA,NA
"165","A packing list for the traveller with refined taste: ",FALSE,4,NA,2017-07-23 21:14:09,FALSE,NA,"889232186934743040",NA,"<a href=""http://www.hootsuite.com"" rel=""nofollow"">Hootsuite</a>","farfetch",1,FALSE,FALSE,NA,NA
"166","From @gucci to @kenzo, find your favourite brands in tiny sizes for your little one: ",FALSE,1,NA,2017-07-23 20:05:40,FALSE,NA,"889214953454018561",NA,"<a href=""http://www.hootsuite.com"" rel=""nofollow"">Hootsuite</a>","farfetch",0,FALSE,FALSE,NA,NA
"167","Your definitive guide to the best boots of the season: @sergiorossi @StellaMcCartney ",FALSE,2,NA,2017-07-22 21:55:09,TRUE,NA,"888880117589712898",NA,"<a href=""http://www.hootsuite.com"" rel=""nofollow"">Hootsuite</a>","farfetch",0,FALSE,FALSE,NA,NA
"168","Hard-to-find pieces from cult labels all in one place: ",FALSE,3,NA,2017-07-22 20:50:08,FALSE,NA,"888863757128134656",NA,"<a href=""http://www.hootsuite.com"" rel=""nofollow"">Hootsuite</a>","farfetch",1,FALSE,FALSE,NA,NA
"169","Vintage is always a good idea: ",FALSE,5,NA,2017-07-22 19:50:09,FALSE,NA,"888848659596673025",NA,"<a href=""http://www.hootsuite.com"" rel=""nofollow"">Hootsuite</a>","farfetch",2,FALSE,FALSE,NA,NA
"170","The new season @givenchy collection veers pretty, but with an edge: ",FALSE,4,NA,2017-07-22 17:37:33,FALSE,NA,"888815292750716930",NA,"<a href=""http://www.hootsuite.com"" rel=""nofollow"">Hootsuite</a>","farfetch",1,FALSE,FALSE,NA,NA
"171","Have you seen what's #NewIn on Farfetch today? @OffWht @Balmain @Palm_Angels ",FALSE,90,NA,2017-07-19 19:11:24,FALSE,NA,"887751745497161728",NA,"<a href=""http://www.hootsuite.com"" rel=""nofollow"">Hootsuite</a>","farfetch",24,FALSE,FALSE,NA,NA
"172","Which collaboration has caught your eye?  #RihannaxManolo #ZaynxVersus #VansxPeanuts",FALSE,1,NA,2017-07-17 10:08:18,FALSE,NA,"886890293299204096",NA,"<a href=""http://twitter.com"" rel=""nofollow"">Twitter Web Client</a>","farfetch",2,FALSE,FALSE,NA,NA
"173","Vintage is always a good idea: ",FALSE,6,NA,2017-07-16 19:50:34,FALSE,NA,"886674437310828545",NA,"<a href=""http://www.hootsuite.com"" rel=""nofollow"">Hootsuite</a>","farfetch",1,FALSE,FALSE,NA,NA
"174","Electrify your wardrobe with a little help from @neilbarrett's lightning bolts: ",FALSE,5,NA,2017-07-15 22:35:06,FALSE,NA,"886353457954926592",NA,"<a href=""http://www.hootsuite.com"" rel=""nofollow"">Hootsuite</a>","farfetch",0,FALSE,FALSE,NA,NA
"175","Don't miss a single show-stopping #Couture moment. Follow us on Instagram for an inside look with @KevinTachman: ",FALSE,6,NA,2017-07-06 10:52:48,TRUE,NA,"882915225254678529",NA,"<a href=""http://www.hootsuite.com"" rel=""nofollow"">Hootsuite</a>","farfetch",1,FALSE,FALSE,NA,NA
"176","Every wardrobe needs a little drama. Channel the #Couture state of mind with our eveningwear edit: ",FALSE,7,NA,2017-07-02 22:30:50,TRUE,NA,"881641340379045888",NA,"<a href=""http://www.hootsuite.com"" rel=""nofollow"">Hootsuite</a>","farfetch",2,FALSE,FALSE,NA,NA
"177","Paris Couture has arrived! What are you looking forward to?",FALSE,4,NA,2017-07-02 14:56:10,FALSE,NA,"881526919027597313",NA,"<a href=""http://twitter.com/download/iphone"" rel=""nofollow"">Twitter for iPhone</a>","farfetch",0,FALSE,FALSE,NA,NA
"178","#PUMAxStampd, @VANS_66 x Peanuts, #ZaynXVersus and morethe menswear designer collaborations you need to know about ",FALSE,66,NA,2017-07-01 17:05:16,TRUE,NA,"881197022681985025",NA,"<a href=""http://www.hootsuite.com"" rel=""nofollow"">Hootsuite</a>","farfetch",69,FALSE,FALSE,NA,NA
"179","Snap up a piece of #zaynxversus before it's gone: @zaynmalik @Versace ",FALSE,445,NA,2017-07-01 15:20:12,FALSE,NA,"881170581214949376",NA,"<a href=""http://www.hootsuite.com"" rel=""nofollow"">Hootsuite</a>","farfetch",290,FALSE,FALSE,NA,NA
"180","Our favourite prints of the season immortalized by @TanyaLing: ",FALSE,3,NA,2017-07-01 13:24:27,FALSE,NA,"881141449378734085",NA,"<a href=""http://twitter.com"" rel=""nofollow"">Twitter Web Client</a>","farfetch",0,FALSE,FALSE,NA,NA
"181","Have you seen what's #NewIn on Farfetch this week? @MaisonValentino @MNZstore ",FALSE,11,NA,2017-06-29 22:00:38,TRUE,NA,"880546577433198598",NA,"<a href=""http://www.hootsuite.com"" rel=""nofollow"">Hootsuite</a>","farfetch",0,FALSE,FALSE,NA,NA
"182","After that break-out Fall 2016 Sies Marjan collection, it just keeps getting better: ",FALSE,4,NA,2017-06-28 22:39:08,FALSE,NA,"880193877893894145",NA,"<a href=""http://www.hootsuite.com"" rel=""nofollow"">Hootsuite</a>","farfetch",1,FALSE,FALSE,NA,NA
"183","Are you following us on Instagram yet? ",FALSE,11,NA,2017-06-28 09:04:59,FALSE,NA,"879988992132775936",NA,"<a href=""https://ads.twitter.com"" rel=""nofollow"">Twitter Ads</a>","farfetch",2,FALSE,FALSE,NA,NA
"184","From sunrise to sunset, what to wear on your summer escape to the Cyclades: ",FALSE,4,NA,2017-06-28 05:00:25,FALSE,NA,"879927444794482688",NA,"<a href=""http://www.hootsuite.com"" rel=""nofollow"">Hootsuite</a>","farfetch",0,FALSE,FALSE,NA,NA
"185","No better time than #NationalSunglassesDay to find your perfect frames: @supersunglasses ",FALSE,6,NA,2017-06-28 00:50:01,TRUE,NA,"879864427671171072",NA,"<a href=""http://www.hootsuite.com"" rel=""nofollow"">Hootsuite</a>","farfetch",3,FALSE,FALSE,NA,NA
"186","@aaa1980 Hello.we are sorry to hear your situation.Please let us know your registered mail address or order number via direct message?",FALSE,0,"aaa1980",2017-06-26 01:02:49,FALSE,"878127595983917056","879142873744191488","848336246149611520","<a href=""http://www.zendesk.com"" rel=""nofollow"">Zendesk</a>","farfetch",0,FALSE,FALSE,NA,NA
"187","What's your favourite holiday activity?",FALSE,5,NA,2017-06-25 21:43:38,FALSE,NA,"879092746300116993",NA,"<a href=""http://twitter.com/download/iphone"" rel=""nofollow"">Twitter for iPhone</a>","farfetch",3,FALSE,FALSE,NA,NA
"188","Keep this new @Sophie_Hulme shoulder bag under lock and key: ",FALSE,5,NA,2017-06-25 13:45:08,FALSE,NA,"878972328604041216",NA,"<a href=""http://www.hootsuite.com"" rel=""nofollow"">Hootsuite</a>","farfetch",0,FALSE,FALSE,NA,NA
"189","It's never too early to start stocking up on next season's most-wanted pieces @ami ",FALSE,2,NA,2017-06-25 10:40:06,TRUE,NA,"878925763185192960",NA,"<a href=""http://www.hootsuite.com"" rel=""nofollow"">Hootsuite</a>","farfetch",0,FALSE,FALSE,NA,NA
"190","When your summer wardrobe essentials come in mini-me sizes: @StellaMcCartney @dolcegabbana ",FALSE,5,NA,2017-06-25 07:50:07,TRUE,NA,"878882984979554304",NA,"<a href=""http://www.hootsuite.com"" rel=""nofollow"">Hootsuite</a>","farfetch",0,FALSE,FALSE,NA,NA
"191","Blazers aren't just for the boardroombutton up for a night out: @dolcegabbana @YSL ",FALSE,8,NA,2017-06-24 21:36:02,FALSE,NA,"878728447681495040",NA,"<a href=""http://www.hootsuite.com"" rel=""nofollow"">Hootsuite</a>","farfetch",0,FALSE,FALSE,NA,NA
"192","Try a new take on florals with @Fendi this season: ",FALSE,1,NA,2017-06-24 18:20:09,FALSE,NA,"878679151804329984",NA,"<a href=""http://www.hootsuite.com"" rel=""nofollow"">Hootsuite</a>","farfetch",0,FALSE,FALSE,NA,NA
"193","Let @McQueen's subversive pieces add some drama to your summer wardrobe: ",FALSE,6,NA,2017-06-24 17:34:12,FALSE,NA,"878667586178830336",NA,"<a href=""http://www.hootsuite.com"" rel=""nofollow"">Hootsuite</a>","farfetch",1,FALSE,FALSE,NA,NA
"194","Next season, its all about the lady in red. Discover 4 more transitional trends to invest in now: ",FALSE,4,NA,2017-06-23 11:40:53,TRUE,NA,"878216287180083201",NA,"<a href=""http://www.hootsuite.com"" rel=""nofollow"">Hootsuite</a>","farfetch",0,FALSE,FALSE,NA,NA
"195","A new take on the label's glove clutch, #PerrinxZaha integrates @zahahadiddesign's signature sculptural details: ",FALSE,14,NA,2017-06-21 00:42:32,TRUE,NA,"877325831088906242",NA,"<a href=""http://www.hootsuite.com"" rel=""nofollow"">Hootsuite</a>","farfetch",10,FALSE,FALSE,NA,NA
"196","What's on your Farfetch Wishlist right now?",FALSE,3,NA,2017-06-18 22:26:50,FALSE,NA,"876566902553939975",NA,"<a href=""http://twitter.com/download/iphone"" rel=""nofollow"">Twitter for iPhone</a>","farfetch",0,FALSE,FALSE,NA,NA
"197","Hurry! Don't miss out on this week's bestsellers: @givenchy ",FALSE,7,NA,2017-06-18 16:58:01,FALSE,NA,"876484154866765824",NA,"<a href=""https://www.sprinklr.com"" rel=""nofollow"">Sprinklr</a>","farfetch",2,FALSE,FALSE,NA,NA
"198","Do you know #DodoBarOr? Follow in @CandiceLake's footsteps and discover these care-free luxe cotton dresses: ",FALSE,7,NA,2017-06-18 14:30:01,TRUE,NA,"876446909606629376",NA,"<a href=""https://www.sprinklr.com"" rel=""nofollow"">Sprinklr</a>","farfetch",1,FALSE,FALSE,NA,NA
"199","Velvet slippers fit for a king.  Give dad the royal treatment this #FathersDay with @dolcegabbana: ",FALSE,7,NA,2017-06-18 13:35:01,TRUE,NA,"876433070118797314",NA,"<a href=""https://www.sprinklr.com"" rel=""nofollow"">Sprinklr</a>","farfetch",2,FALSE,FALSE,NA,NA
"200","Do yourself a favor and slip into a new summer mule: @marniofficial @AlexanderWangNY ",FALSE,3,NA,2017-06-17 15:45:09,TRUE,NA,"876103427843125249",NA,"<a href=""https://www.sprinklr.com"" rel=""nofollow"">Sprinklr</a>","farfetch",1,FALSE,FALSE,NA,NA
"201","Every man could use a touch of #PittiUomo-worthy tailoring in his wardrobe: ",FALSE,5,NA,2017-06-17 14:30:01,TRUE,NA,"876084522504376320",NA,"<a href=""https://www.sprinklr.com"" rel=""nofollow"">Sprinklr</a>","farfetch",2,FALSE,FALSE,NA,NA
"202","Get your frills this summer: @Philosophy1984 @CtznsOfHumanity @DVF ",FALSE,6,NA,2017-06-17 13:10:04,FALSE,NA,"876064400175706113",NA,"<a href=""https://www.sprinklr.com"" rel=""nofollow"">Sprinklr</a>","farfetch",3,FALSE,FALSE,NA,NA
"203","Proud to announce our global content &amp; commerce partnership with @CondeNast. Joining from @styledotcom? Your luxury ",FALSE,28,NA,2017-06-13 09:57:12,TRUE,NA,"874566312743317505",NA,"<a href=""http://twitter.com"" rel=""nofollow"">Twitter Web Client</a>","farfetch",13,FALSE,FALSE,NA,NA
"204","Sun's out!  Find your perfect frame on Farfetch: @GarrettLeight @YSL @ThomBrowneNY ",FALSE,9,NA,2017-06-11 21:49:31,FALSE,NA,"874020798104776706",NA,"<a href=""https://www.sprinklr.com"" rel=""nofollow"">Sprinklr</a>","farfetch",3,FALSE,FALSE,NA,NA
"205","Which summer celebration are you most looking forward to from our Hot List? ",FALSE,2,NA,2017-06-11 21:06:46,FALSE,NA,"874010038695841795",NA,"<a href=""http://twitter.com/download/iphone"" rel=""nofollow"">Twitter for iPhone</a>","farfetch",0,FALSE,FALSE,NA,NA
"206","Ready for new season now? It's never too early to start stocking up: @amiparis @jimmychoo ",FALSE,12,NA,2017-06-11 16:00:03,TRUE,NA,"873932854014746625",NA,"<a href=""https://www.sprinklr.com"" rel=""nofollow"">Sprinklr</a>","farfetch",1,FALSE,FALSE,NA,NA
"207","When in doubt, go vintage: ",FALSE,11,NA,2017-06-11 15:03:01,FALSE,NA,"873918500057882624",NA,"<a href=""https://www.sprinklr.com"" rel=""nofollow"">Sprinklr</a>","farfetch",1,FALSE,FALSE,NA,NA
"208","Lend a rock 'n' roll edge to your wardrobe by snapping up the latest Yves Saint Laurent: ",FALSE,5,NA,2017-06-11 14:50:37,FALSE,NA,"873915378740715520",NA,"<a href=""https://www.sprinklr.com"" rel=""nofollow"">Sprinklr</a>","farfetch",0,FALSE,FALSE,NA,NA
"209","Emerging Georgia-based handbag label 711 has just the slightly kitschy top handle bag you never knew you needed: ",FALSE,2,NA,2017-06-10 22:57:01,TRUE,NA,"873675399460507649",NA,"<a href=""https://www.sprinklr.com"" rel=""nofollow"">Sprinklr</a>","farfetch",0,FALSE,FALSE,NA,NA
"210","Farfetch Menswear Buying Manager Reece Crisp has taken over our Instagram Story to show you the real #LCM: ",FALSE,1,NA,2017-06-10 17:05:01,TRUE,NA,"873586812970827776",NA,"<a href=""https://www.sprinklr.com"" rel=""nofollow"">Sprinklr</a>","farfetch",0,FALSE,FALSE,NA,NA
"211","The best way to show off those new #Chloe shoes is with a twirl.  @collagevintage ",FALSE,5,NA,2017-06-10 16:00:03,FALSE,NA,"873570464152645632",NA,"<a href=""https://www.sprinklr.com"" rel=""nofollow"">Sprinklr</a>","farfetch",2,FALSE,FALSE,NA,NA
"212","Hurry, this season's best sellers won't be around for long: @OffWht @givenchy ",FALSE,12,NA,2017-06-10 14:06:06,FALSE,NA,"873541788136505344",NA,"<a href=""https://www.sprinklr.com"" rel=""nofollow"">Sprinklr</a>","farfetch",7,FALSE,FALSE,NA,NA
"213","Look back to #MBFWA to inspire your summer style essentials: ",FALSE,3,NA,2017-06-09 11:32:32,FALSE,NA,"873140753127682049",NA,"<a href=""https://www.sprinklr.com"" rel=""nofollow"">Sprinklr</a>","farfetch",0,FALSE,FALSE,NA,NA
"214","Don't miss out on the season's most-wanted piecesthey won't be around for long: ",FALSE,2,NA,2017-06-07 08:59:59,TRUE,NA,"872377587699511296",NA,"<a href=""https://www.sprinklr.com"" rel=""nofollow"">Sprinklr</a>","farfetch",0,FALSE,FALSE,NA,NA
"215","Have you found the perfect Father's Day gift for Dad yet?",FALSE,1,NA,2017-06-04 22:55:39,FALSE,NA,"871500725263765504",NA,"<a href=""http://twitter.com/download/iphone"" rel=""nofollow"">Twitter for iPhone</a>","farfetch",0,FALSE,FALSE,NA,NA
"216","Welcome to the Farfetch Sneaker Shop: @Margiela @amiparis @LANVINofficial ",FALSE,3,NA,2017-06-04 18:00:06,FALSE,NA,"871426347645665281",NA,"<a href=""https://www.sprinklr.com"" rel=""nofollow"">Sprinklr</a>","farfetch",1,FALSE,FALSE,NA,NA
"217","Get inspired by those who've found #TheOne this season. For @joannahalpin, it's @JW_ANDERSON. Discover more: ",FALSE,1,NA,2017-06-04 16:41:57,TRUE,NA,"871406682177458176",NA,"<a href=""https://www.sprinklr.com"" rel=""nofollow"">Sprinklr</a>","farfetch",0,FALSE,FALSE,NA,NA
"218","Even the busiest  can find #TheOne @dolcegabbana bag on Farfetch: ",FALSE,9,NA,2017-06-03 19:11:06,FALSE,NA,"871081828215644161",NA,"<a href=""https://www.sprinklr.com"" rel=""nofollow"">Sprinklr</a>","farfetch",2,FALSE,FALSE,NA,NA
"219","Wedding season has begun! Are you ready? Find your new tailored essentials: @neilbarrett ",FALSE,2,NA,2017-06-03 18:06:06,TRUE,NA,"871065470023200768",NA,"<a href=""https://www.sprinklr.com"" rel=""nofollow"">Sprinklr</a>","farfetch",0,FALSE,FALSE,NA,NA
"220","Over 560 new arrivals on Farfetch guaranteed to heat up your summer: @EmilioPucci ",FALSE,6,NA,2017-06-03 16:50:03,TRUE,NA,"871046332164833281",NA,"<a href=""https://www.sprinklr.com"" rel=""nofollow"">Sprinklr</a>","farfetch",0,FALSE,FALSE,NA,NA
"221","From pineapples to palm trees, @dolcegabbana has all the punchy prints we're after this summer: ",FALSE,8,NA,2017-06-03 13:05:03,TRUE,NA,"870989709954215936",NA,"<a href=""https://www.sprinklr.com"" rel=""nofollow"">Sprinklr</a>","farfetch",1,FALSE,FALSE,NA,NA
"222","From @BrookeShields to Donna Summerthese are our 5 favourite style icons of the summer: ",FALSE,67,NA,2017-06-03 10:46:54,FALSE,NA,"870954943921913857",NA,"<a href=""https://www.sprinklr.com"" rel=""nofollow"">Sprinklr</a>","farfetch",12,FALSE,FALSE,NA,NA
"223","The Store of the Future will never be finished. Our own Jeff Fowler talks to @glossyco: ",FALSE,6,NA,2017-06-02 08:33:36,FALSE,NA,"870559009048326144",NA,"<a href=""http://twitter.com"" rel=""nofollow"">Twitter Web Client</a>","farfetch",2,FALSE,FALSE,NA,NA
"224","Ready for a vacation? Make this your best-dressed trip ever with our summer style advice: ",FALSE,2,NA,2017-06-01 19:14:01,FALSE,NA,"870357788492517377",NA,"<a href=""https://www.sprinklr.com"" rel=""nofollow"">Sprinklr</a>","farfetch",0,FALSE,FALSE,NA,NA
"225","Neon dreams, courtesy of @AlexanderWangNY: ",FALSE,3,NA,2017-05-30 13:12:42,FALSE,NA,"869542084721741825",NA,"<a href=""https://www.sprinklr.com"" rel=""nofollow"">Sprinklr</a>","farfetch",1,FALSE,FALSE,NA,NA
"226","@OnceFamily4ever ",FALSE,1,"OnceFamily4ever",2017-05-28 21:38:16,FALSE,"868940739966881792","868944537368096768","1495313450","<a href=""http://twitter.com/download/iphone"" rel=""nofollow"">Twitter for iPhone</a>","farfetch",1,FALSE,FALSE,NA,NA
"227","Fill in the blank: A long weekend is best spent  ___________.",FALSE,1,NA,2017-05-28 21:15:45,FALSE,NA,"868938870460743680",NA,"<a href=""http://twitter.com/download/iphone"" rel=""nofollow"">Twitter for iPhone</a>","farfetch",0,FALSE,FALSE,NA,NA
"228","Celebrate Race Day in style with @givenchy's aptly checkered slip-ons: ",FALSE,7,NA,2017-05-28 20:12:48,FALSE,NA,"868923028515807235",NA,"<a href=""http://twitter.com/download/iphone"" rel=""nofollow"">Twitter for iPhone</a>","farfetch",3,FALSE,FALSE,NA,NA
"229","Give in to your inner minimalist this summer. Discover modern dresses from @OffWht, @marniofficial, @JW_ANDERSON: ",FALSE,19,NA,2017-05-27 13:07:04,TRUE,NA,"868453499612385280",NA,"<a href=""https://www.sprinklr.com"" rel=""nofollow"">Sprinklr</a>","farfetch",7,FALSE,FALSE,NA,NA
"230","Is it time for a new watch?  @fortyfiveten @Fossil ",FALSE,1,NA,2017-05-27 10:01:04,FALSE,NA,"868406691955658752",NA,"<a href=""https://www.sprinklr.com"" rel=""nofollow"">Sprinklr</a>","farfetch",1,FALSE,FALSE,NA,NA
"231","Tie-dye has come a long way since the swinging sixties. Here, 6 ways to wear the psychedelic print this season: ",FALSE,1,NA,2017-05-26 21:30:01,TRUE,NA,"868217687175987201",NA,"<a href=""https://www.sprinklr.com"" rel=""nofollow"">Sprinklr</a>","farfetch",0,FALSE,FALSE,NA,NA
"232","From woven to wickerfind your perfect beach bag just in time for summer: @dolcegabbana ",FALSE,1,NA,2017-05-26 19:54:29,FALSE,NA,"868193643705888768",NA,"<a href=""https://www.sprinklr.com"" rel=""nofollow"">Sprinklr</a>","farfetch",0,FALSE,FALSE,NA,NA
"233","Summer's surf-inspired trend gets a perfect 10 in our book! Get the look: ",FALSE,1,NA,2017-05-25 23:51:49,FALSE,NA,"867890983475851268",NA,"<a href=""https://www.sprinklr.com"" rel=""nofollow"">Sprinklr</a>","farfetch",1,FALSE,FALSE,NA,NA
"234","560 new season pieces and countingdiscover the latest arrivals on Farfetch and find #TheOne for you: ",FALSE,5,NA,2017-05-23 23:25:05,TRUE,NA,"867159478990491648",NA,"<a href=""https://www.sprinklr.com"" rel=""nofollow"">Sprinklr</a>","farfetch",1,FALSE,FALSE,NA,NA
"235","Do these come in our size? Shop new swimwear for girls: Shop new swimwear for boys: ",FALSE,1,NA,2017-05-21 22:46:29,TRUE,NA,"866424990824005634",NA,"<a href=""https://www.sprinklr.com"" rel=""nofollow"">Sprinklr</a>","farfetch",2,FALSE,FALSE,NA,NA
"236","Meet some of Japan's coolestand most creativemenswear labels right now: ",FALSE,5,NA,2017-05-21 22:32:54,FALSE,NA,"866421572839632897",NA,"<a href=""https://www.sprinklr.com"" rel=""nofollow"">Sprinklr</a>","farfetch",2,FALSE,FALSE,NA,NA
"237","Can you handle #Cannes? Don't miss @MartaPozzan's takeover on our Instagram Storystraight from the French Riviera: ",FALSE,3,NA,2017-05-21 21:47:54,TRUE,NA,"866410246796967936",NA,"<a href=""https://www.sprinklr.com"" rel=""nofollow"">Sprinklr</a>","farfetch",3,FALSE,FALSE,NA,NA
"238","What's your go-to Saturday night shoe?",FALSE,0,NA,2017-05-20 20:13:05,FALSE,NA,"866023997812637696",NA,"<a href=""http://twitter.com/download/iphone"" rel=""nofollow"">Twitter for iPhone</a>","farfetch",0,FALSE,FALSE,NA,NA
"239","A little volume goes a long way in your wardrobe. (Right, @JaimeRidge24 and @JessicaKahawaty?) See more from #MBFWA ",FALSE,5,NA,2017-05-19 23:14:30,TRUE,NA,"865707264921014272",NA,"<a href=""https://www.sprinklr.com"" rel=""nofollow"">Sprinklr</a>","farfetch",1,FALSE,FALSE,NA,NA
"240","A great jacket is a great jacket, whatever the weather. Here, 3 styles you need now: ",FALSE,3,NA,2017-05-19 20:31:02,FALSE,NA,"865666126700838913",NA,"<a href=""https://www.sprinklr.com"" rel=""nofollow"">Sprinklr</a>","farfetch",1,FALSE,FALSE,NA,NA
"241","From Solace architectural staples to @StellaMcCartney space-age accessories, invest in these future classics now: ",FALSE,1,NA,2017-05-18 22:26:32,TRUE,NA,"865332803956858880",NA,"<a href=""https://www.sprinklr.com"" rel=""nofollow"">Sprinklr</a>","farfetch",3,FALSE,FALSE,NA,NA
"242","Like @TheHautePursuit, find your perfect piece on Farfetch. Share using #TheOne and we just might feature you here: ",FALSE,6,NA,2017-05-17 12:30:01,TRUE,NA,"864820300139159552",NA,"<a href=""https://www.sprinklr.com"" rel=""nofollow"">Sprinklr</a>","farfetch",1,FALSE,FALSE,NA,NA
"243","560 new pieces and counting! Don't miss out on the latest arrivals on Farfetch: ",FALSE,6,NA,2017-05-17 10:55:55,FALSE,NA,"864796619182657536",NA,"<a href=""https://www.sprinklr.com"" rel=""nofollow"">Sprinklr</a>","farfetch",1,FALSE,FALSE,NA,NA
"244","When you find #TheOne, you just know. For @AnselElgort, it was this @OffWht bomber jacket: ",FALSE,19,NA,2017-05-15 23:40:29,TRUE,NA,"864264250977550338",NA,"<a href=""https://www.sprinklr.com"" rel=""nofollow"">Sprinklr</a>","farfetch",7,FALSE,FALSE,NA,NA
"245","Enlist the expertise of @vogueaustralias Kate Darvill for an editor's take on this season's key purchases: ",FALSE,3,NA,2017-05-14 22:20:52,TRUE,NA,"863881827001528321",NA,"<a href=""https://www.sprinklr.com"" rel=""nofollow"">Sprinklr</a>","farfetch",3,FALSE,FALSE,NA,NA
"246","Your definitive guide to the 6 cult sneakers of the season: ",FALSE,2,NA,2017-05-14 21:09:02,FALSE,NA,"863863749853184000",NA,"<a href=""https://www.sprinklr.com"" rel=""nofollow"">Sprinklr</a>","farfetch",5,FALSE,FALSE,NA,NA
"247","Is there anything cuter than that signature @Burberry check in a mini-me size?
 ",FALSE,8,NA,2017-05-14 20:08:34,FALSE,NA,"863848532914167808",NA,"<a href=""https://www.sprinklr.com"" rel=""nofollow"">Sprinklr</a>","farfetch",3,FALSE,FALSE,NA,NA
"248","What's your dream summer getaway?",FALSE,0,NA,2017-05-13 20:42:25,FALSE,NA,"863494662895673348",NA,"<a href=""http://twitter.com/download/iphone"" rel=""nofollow"">Twitter for iPhone</a>","farfetch",1,FALSE,FALSE,NA,NA
"249","Treat yourself with a pair of truly show-stopping shoes: @alexandrebirman @GZanottiDesign ",FALSE,7,NA,2017-04-17 12:30:04,TRUE,NA,"853948673725779968",NA,"<a href=""https://www.sprinklr.com"" rel=""nofollow"">Sprinklr</a>","farfetch",4,FALSE,FALSE,NA,NA
"250","Lounge in style this holiday weekend with @Margiela (and @ThomBrowneNY ( ",FALSE,5,NA,2017-04-17 08:38:01,TRUE,NA,"853890279874736132",NA,"<a href=""https://www.sprinklr.com"" rel=""nofollow"">Sprinklr</a>","farfetch",0,FALSE,FALSE,NA,NA
"251","@SpTheGhost60 Hello, we're sorry - our phone line should be fully functioning for you! May you please send us a DM with your inquiry?",FALSE,0,"SpTheGhost60",2017-04-16 17:49:15,FALSE,"853249103723212802","853666614159527937","584925995","<a href=""http://www.zendesk.com"" rel=""nofollow"">Zendesk</a>","farfetch",0,FALSE,FALSE,NA,NA
"252","Make your spring wardrobe bloom with @EtroOfficial's latest prints: ",FALSE,10,NA,2017-04-16 12:00:01,FALSE,NA,"853578725497212929",NA,"<a href=""https://www.sprinklr.com"" rel=""nofollow"">Sprinklr</a>","farfetch",4,FALSE,FALSE,NA,NA
"253","Take a cue from Cleo the Bunny and stop and smell the flowers this #Easter. (Preferably from a @MANSURGAVRIEL bag: ",FALSE,4,NA,2017-04-16 11:00:01,TRUE,NA,"853563627193995264",NA,"<a href=""https://www.sprinklr.com"" rel=""nofollow"">Sprinklr</a>","farfetch",1,FALSE,FALSE,NA,NA
"254","In 1950, 4 women set out to make high-quality childrenswear infused with a mother's love. Today, this is Familiar: ",FALSE,3,NA,2017-04-15 10:00:04,TRUE,NA,"853186151267667968",NA,"<a href=""https://www.sprinklr.com"" rel=""nofollow"">Sprinklr</a>","farfetch",1,FALSE,FALSE,NA,NA
"255","560 new reasons to make room in your spring wardrobe: #NewIn @YSL @jacquemus @ELLERY_LAND ",FALSE,7,NA,2017-04-15 07:41:31,FALSE,NA,"853151283972374533",NA,"<a href=""https://www.sprinklr.com"" rel=""nofollow"">Sprinklr</a>","farfetch",1,FALSE,FALSE,NA,NA
"256","5 of @PaulSmithDesigns biggest fans share their sartorial stories: ",FALSE,1,NA,2017-04-14 14:56:01,FALSE,NA,"852898242828394497",NA,"<a href=""https://www.sprinklr.com"" rel=""nofollow"">Sprinklr</a>","farfetch",0,FALSE,FALSE,NA,NA
"257","Take a look back at highlights from #FarfetchOS with @Farfetch_jose, @iamwill, @miraduma and more. #ICYMI ",FALSE,12,NA,2017-04-14 12:45:17,TRUE,NA,"852865342313566208",NA,"<a href=""https://www.sprinklr.com"" rel=""nofollow"">Sprinklr</a>","farfetch",5,FALSE,FALSE,NA,NA
"258","Loafers or mules? Silver or black? Monogrammed or not? Create #TheOne custom @NKirkwoodLondon Beya flats for you: ",FALSE,6,NA,2017-04-14 10:51:12,TRUE,NA,"852836631157456896",NA,"<a href=""https://www.sprinklr.com"" rel=""nofollow"">Sprinklr</a>","farfetch",4,FALSE,FALSE,NA,NA
"259","@fcourt ",FALSE,0,"fcourt",2017-04-13 15:10:09,FALSE,"852515665097445382","852539410604326912","1024431","<a href=""http://twitter.com/download/iphone"" rel=""nofollow"">Twitter for iPhone</a>","farfetch",0,FALSE,FALSE,NA,NA
"260","That's a wrap on #FarfetchOS! ICYMI, follow us on Facebook to catch up on today's panel discussions. ",FALSE,1,NA,2017-04-12 16:42:42,FALSE,NA,"852200315046809601",NA,"<a href=""http://twitter.com"" rel=""nofollow"">Twitter Web Client</a>","farfetch",1,FALSE,FALSE,NA,NA
"261","Go behind the scenes at #FarfetchOS on our Instagram Storiesand tune in for an exclusive look at the Store of the Future LIVE at 6pm GMT.",FALSE,1,NA,2017-04-12 16:28:07,FALSE,NA,"852196641461456896",NA,"<a href=""http://twitter.com"" rel=""nofollow"">Twitter Web Client</a>","farfetch",1,FALSE,FALSE,NA,NA
"262","F90 is here! The new 90-min store-to-door delivery service launches exclusively with @gucci in 10 cities worldwide: ",FALSE,41,NA,2017-04-12 16:10:38,TRUE,NA,"852192242299285505",NA,"<a href=""http://twitter.com"" rel=""nofollow"">Twitter Web Client</a>","farfetch",20,FALSE,FALSE,NA,NA
"263","Quoted at #FarfetchOS: ",FALSE,5,NA,2017-04-12 14:58:55,FALSE,NA,"852174196461510656",NA,"<a href=""http://twitter.com"" rel=""nofollow"">Twitter Web Client</a>","farfetch",3,FALSE,FALSE,NA,NA
"264","#FarfetchOS LIVE on FacebookHow Technology is Shaping The Future of Fashion moderated by @WiredUK's @iRowan: ",FALSE,7,NA,2017-04-12 14:20:10,FALSE,NA,"852164442263572480",NA,"<a href=""http://twitter.com"" rel=""nofollow"">Twitter Web Client</a>","farfetch",0,FALSE,FALSE,NA,NA
"265","Don't miss @iamwill, @buro24_7's @miraduma, All Saints' William Kim and @google's Maria McClay! Head to Facebook at 3:30pm GMT. #FarfetchOS",FALSE,8,NA,2017-04-12 13:51:08,FALSE,NA,"852157136658456576",NA,"<a href=""http://twitter.com"" rel=""nofollow"">Twitter Web Client</a>","farfetch",3,FALSE,FALSE,NA,NA
"266","Quoted at #FarfetchOS: ",FALSE,33,NA,2017-04-12 12:55:42,FALSE,NA,"852143185442820101",NA,"<a href=""http://twitter.com"" rel=""nofollow"">Twitter Web Client</a>","farfetch",5,FALSE,FALSE,NA,NA
"267","#FarfetchOS panel How Digital is Eating The World moderated by @L2_Digital's @ashleytolb is LIVE on Facebook: ",FALSE,2,NA,2017-04-12 11:40:07,FALSE,NA,"852124165142306817",NA,"<a href=""http://twitter.com"" rel=""nofollow"">Twitter Web Client</a>","farfetch",3,FALSE,FALSE,NA,NA
"268","Don't miss @shak @gordray @WillShu203 &amp; more at #FarfetchOS! Tune in to Facebook at 12:40pm GMT @Spotify @instagram @Deliveroo @HuaweiMobile",FALSE,18,NA,2017-04-12 10:47:24,FALSE,NA,"852110901092155392",NA,"<a href=""http://twitter.com"" rel=""nofollow"">Twitter Web Client</a>","farfetch",4,FALSE,FALSE,NA,NA
"269","Quoted at #FarfetchOS: ",FALSE,5,NA,2017-04-12 10:15:45,FALSE,NA,"852102934112460805",NA,"<a href=""http://twitter.com"" rel=""nofollow"">Twitter Web Client</a>","farfetch",3,FALSE,FALSE,NA,NA
"270","Quoted at #FarfetchOS: ",FALSE,3,NA,2017-04-12 09:46:30,FALSE,NA,"852095573658402816",NA,"<a href=""http://twitter.com"" rel=""nofollow"">Twitter Web Client</a>","farfetch",0,FALSE,FALSE,NA,NA
"271","Quoted at #FarfetchOS: ",FALSE,11,NA,2017-04-12 09:36:10,FALSE,NA,"852092974200758272",NA,"<a href=""http://twitter.com"" rel=""nofollow"">Twitter Web Client</a>","farfetch",6,FALSE,FALSE,NA,NA
"272","Quoted at #FarfetchOS: ",FALSE,8,NA,2017-04-12 09:23:50,FALSE,NA,"852089867442020352",NA,"<a href=""http://twitter.com"" rel=""nofollow"">Twitter Web Client</a>","farfetch",2,FALSE,FALSE,NA,NA
"273","Today marks our inaugural #FarfetchOS conference at the @DesignMuseum! Follow along right here as we look towards t ",FALSE,36,NA,2017-04-12 06:58:34,TRUE,NA,"852053310672687104",NA,"<a href=""http://twitter.com"" rel=""nofollow"">Twitter Web Client</a>","farfetch",13,FALSE,FALSE,NA,NA
"274","@The_Real_IMAN So true!",FALSE,1,"The_Real_IMAN",2017-04-11 16:41:52,FALSE,"851836930283196416","851837715603697664","182972598","<a href=""http://twitter.com/download/iphone"" rel=""nofollow"">Twitter for iPhone</a>","farfetch",0,FALSE,FALSE,NA,NA
"275","Have you found #TheOne this season? Kick start the day with the perfect platform: ",FALSE,3,NA,2017-04-11 08:07:06,FALSE,NA,"851708169688670208",NA,"<a href=""https://www.sprinklr.com"" rel=""nofollow"">Sprinklr</a>","farfetch",3,FALSE,FALSE,NA,NA
"276","@mariothegreat We're sorry to hear that you had a negative experience! Please DM us your order details so that we can assist.",FALSE,0,"mariothegreat",2017-04-11 07:49:17,FALSE,"851541566472826880","851703688355876864","23046573","<a href=""http://www.zendesk.com"" rel=""nofollow"">Zendesk</a>","farfetch",0,FALSE,FALSE,NA,NA
"277","Does your little squad need a spring wardrobe update? Shop for mini 
@marcjacobs, @Balmain and more: ",FALSE,7,NA,2017-04-09 21:57:02,TRUE,NA,"851192253200650240",NA,"<a href=""https://www.sprinklr.com"" rel=""nofollow"">Sprinklr</a>","farfetch",2,FALSE,FALSE,NA,NA
"278","What's your go-to colour combo this spring?",FALSE,1,NA,2017-04-09 19:50:44,FALSE,NA,"851160469591265280",NA,"<a href=""http://twitter.com"" rel=""nofollow"">Twitter Web Client</a>","farfetch",0,FALSE,FALSE,NA,NA
"279","The April Hot List is here! What to do, where to go, and what to wear this month: ",FALSE,2,NA,2017-04-09 14:25:01,FALSE,NA,"851078499767136256",NA,"<a href=""https://www.sprinklr.com"" rel=""nofollow"">Sprinklr</a>","farfetch",3,FALSE,FALSE,NA,NA
"280","A good suit is never a bad idea: @HUGOBOSS ",FALSE,3,NA,2017-04-09 10:33:30,FALSE,NA,"851020238447681536",NA,"<a href=""https://www.sprinklr.com"" rel=""nofollow"">Sprinklr</a>","farfetch",2,FALSE,FALSE,NA,NA
"281","Our own @Farfetch_jose spoke on the intersection of luxury fashion and tech at @CNILuxury earlier this week. ",FALSE,1,NA,2017-04-09 10:20:33,TRUE,NA,"851016979133714436",NA,"<a href=""http://twitter.com"" rel=""nofollow"">Twitter Web Client</a>","farfetch",1,FALSE,FALSE,NA,NA
"282","Brunch for twoyou and @JW_ANDERSON. Find #TheOne It bag for you this season: ",FALSE,2,NA,2017-04-09 10:00:02,FALSE,NA,"851011814313873409",NA,"<a href=""https://www.sprinklr.com"" rel=""nofollow"">Sprinklr</a>","farfetch",1,FALSE,FALSE,NA,NA
"283","@SirBrapsy Hello! We appreciate the feedback. Please DM us if you'd like us to resolve any specific situations. Thanks!",FALSE,0,"SirBrapsy",2017-04-08 21:23:44,FALSE,"850804882848264193","850821486504030208","4925138349","<a href=""http://www.zendesk.com"" rel=""nofollow"">Zendesk</a>","farfetch",0,FALSE,FALSE,NA,NA
"284","Spring Footwear Rule #4: Monochrome means more style points. Find out more: @Nike ",FALSE,2,NA,2017-04-08 20:25:01,FALSE,NA,"850806711451570177",NA,"<a href=""https://www.sprinklr.com"" rel=""nofollow"">Sprinklr</a>","farfetch",2,FALSE,FALSE,NA,NA
"285","For the holiday-bound, @AlbertaFerretti's brand new Mia pool sliders are essential: ",FALSE,5,NA,2017-04-08 15:44:31,FALSE,NA,"850736117854982144",NA,"<a href=""https://www.sprinklr.com"" rel=""nofollow"">Sprinklr</a>","farfetch",1,FALSE,FALSE,NA,NA
"286","Its time to dress from the feet up! Everything you need to know about springs most-wanted shoes: ",FALSE,10,NA,2017-04-07 17:05:34,TRUE,NA,"850394128785563648",NA,"<a href=""https://www.sprinklr.com"" rel=""nofollow"">Sprinklr</a>","farfetch",7,FALSE,FALSE,NA,NA
"287","@teeprofit Hello, you're seeing a price difference because multiple partners are selling this same shoe. Let us know if you need more help!",FALSE,0,"teeprofit",2017-04-05 18:21:17,FALSE,"849649208005206017","849688406741463040","103835676","<a href=""http://www.zendesk.com"" rel=""nofollow"">Zendesk</a>","farfetch",0,FALSE,FALSE,NA,NA
"288","Be shadyespecially in the new @GarrettLeight X @NickWooster frames, exclusively on Farfetch via @fortyfiveten: ",FALSE,19,NA,2017-04-05 18:16:31,TRUE,NA,"849687209343143937",NA,"<a href=""https://www.sprinklr.com"" rel=""nofollow"">Sprinklr</a>","farfetch",3,FALSE,FALSE,NA,NA
"289","Have you seen what's #NewIn this week? @NUMEROVENTUNO @jacquemus @JW_ANDERSON @YSL ",FALSE,4,NA,2017-04-03 23:43:31,FALSE,NA,"849044725713817604",NA,"<a href=""https://www.sprinklr.com"" rel=""nofollow"">Sprinklr</a>","farfetch",0,FALSE,FALSE,NA,NA
"290","Festival season is almost upon us! What's the most important piece of your look this year?",FALSE,4,NA,2017-04-02 22:40:22,FALSE,NA,"848666446389551104",NA,"<a href=""http://twitter.com"" rel=""nofollow"">Twitter Web Client</a>","farfetch",1,FALSE,FALSE,NA,NA
"291","@ChandraSakhrani We have offices all around the world but unfortunately not in Indonesia. We do however, ship to Indonesia. Feel free to ...",FALSE,0,"ChandraSakhrani",2017-04-02 20:57:11,FALSE,"848463863762649088","848640475783462912","780104863","<a href=""http://www.zendesk.com"" rel=""nofollow"">Zendesk</a>","farfetch",0,FALSE,FALSE,NA,NA
"292","With the help of @buro247ru, we've selected Russias most up-and-coming design talentnow available on Farfetch: ",FALSE,2,NA,2017-04-01 14:19:01,TRUE,NA,"848177886922252288",NA,"<a href=""https://www.sprinklr.com"" rel=""nofollow"">Sprinklr</a>","farfetch",1,FALSE,FALSE,NA,NA
"293","The feminine @Fendi silhouettes of the season will have you floating into spring: ",FALSE,6,NA,2017-04-01 11:35:04,FALSE,NA,"848136627872518145",NA,"<a href=""https://www.sprinklr.com"" rel=""nofollow"">Sprinklr</a>","farfetch",1,FALSE,FALSE,NA,NA
"294","The latest @adidasoriginals and @AlexanderWangNY collaboration has arrived at Farfetch: ",FALSE,1,NA,2017-04-01 09:09:03,TRUE,NA,"848099880149143555",NA,"<a href=""https://www.sprinklr.com"" rel=""nofollow"">Sprinklr</a>","farfetch",2,FALSE,FALSE,NA,NA
"295","Channel the signature edge of #SeoulFashionWeek by taking your wardrobe a shade darker: ",FALSE,3,NA,2017-03-30 16:09:01,FALSE,NA,"847480795014897664",NA,"<a href=""https://www.sprinklr.com"" rel=""nofollow"">Sprinklr</a>","farfetch",0,FALSE,FALSE,NA,NA
"296","72 of spring's most wanted bags have arrived on Farfetch: @ALTUZARRASTUDIO @Fendi ",FALSE,4,NA,2017-03-30 07:21:05,TRUE,NA,"847347935020896256",NA,"<a href=""https://www.sprinklr.com"" rel=""nofollow"">Sprinklr</a>","farfetch",1,FALSE,FALSE,NA,NA
"297","@tripleOGstatus Hi,we do not particular sales for April Fools.Please sign up the Farfetch newsletters for the future promotion. Thanks!",FALSE,0,"tripleOGstatus",2017-03-30 02:35:32,FALSE,"847198447505690624","847276074006331392","39401120","<a href=""http://www.zendesk.com"" rel=""nofollow"">Zendesk</a>","farfetch",0,FALSE,FALSE,NA,NA
"298","With hundreds of new brands to discover and only so many hours in the day: 5 menswear labels you need to know now: ",FALSE,4,NA,2017-03-29 23:09:26,TRUE,NA,"847224209394720772",NA,"<a href=""https://www.sprinklr.com"" rel=""nofollow"">Sprinklr</a>","farfetch",1,FALSE,FALSE,NA,NA
"299","Are you following us on Instagram? ",FALSE,9,NA,2017-03-28 14:36:30,FALSE,NA,"846732735611752453",NA,"<a href=""https://ads.twitter.com"" rel=""nofollow"">Twitter Ads</a>","farfetch",0,FALSE,FALSE,NA,NA
"300","What's #NewIn on Farfetch today? 560 fashion finds ready to be discovered: @MaisonValentino ",FALSE,2,NA,2017-03-27 23:45:29,TRUE,NA,"846508503523053568",NA,"<a href=""https://www.sprinklr.com"" rel=""nofollow"">Sprinklr</a>","farfetch",1,FALSE,FALSE,NA,NA
"301","True or False: The best way to beat the Sunday Scaries is a little shopping therapy.",FALSE,3,NA,2017-03-26 22:31:22,FALSE,NA,"846127464799748097",NA,"<a href=""http://twitter.com"" rel=""nofollow"">Twitter Web Client</a>","farfetch",0,FALSE,FALSE,NA,NA
"302","6 key shapes from decades past that are making a comeback this season: ",FALSE,2,NA,2017-03-26 19:40:33,FALSE,NA,"846084477847785473",NA,"<a href=""https://www.sprinklr.com"" rel=""nofollow"">Sprinklr</a>","farfetch",2,FALSE,FALSE,NA,NA
"303","Farfetch is the world's local boutique. We've been voted one of the 30 best menswear sites via @Telegraph: ",FALSE,3,NA,2017-03-24 17:45:41,TRUE,NA,"845330793119535104",NA,"<a href=""http://twitter.com"" rel=""nofollow"">Twitter Web Client</a>","farfetch",1,FALSE,FALSE,NA,NA
"304","Some packages are just more precious than others. Happy #NationalPuppyDay! ",FALSE,8,NA,2017-03-23 20:22:04,FALSE,NA,"845007760098017280",NA,"<a href=""https://www.sprinklr.com"" rel=""nofollow"">Sprinklr</a>","farfetch",4,FALSE,FALSE,NA,NA
"305","Farfetch Life Lesson #97: Never skimp on #MothersDay. Our picks to make her day:  @YSL ",FALSE,3,NA,2017-03-23 17:03:28,TRUE,NA,"844957781815971842",NA,"<a href=""https://www.sprinklr.com"" rel=""nofollow"">Sprinklr</a>","farfetch",1,FALSE,FALSE,NA,NA
"306","@gustaftorling Hello Gustaf! We're so sorry but this item is sold out. We do have a short sleeved alternative: ",FALSE,0,"gustaftorling",2017-03-22 14:38:48,FALSE,"844248606429331467","844558985839697920","222435451","<a href=""http://www.zendesk.com"" rel=""nofollow"">Zendesk</a>","farfetch",0,FALSE,FALSE,NA,NA
"307","560 brand new items have just arrived at Farfetch: @jimmychoo @CAandLOU #NewIn ",FALSE,4,NA,2017-03-21 17:00:34,FALSE,NA,"844232277714505732",NA,"<a href=""https://www.sprinklr.com"" rel=""nofollow"">Sprinklr</a>","farfetch",1,FALSE,FALSE,NA,NA
"308","Two words: @Balmain Kids. ",FALSE,9,NA,2017-03-20 23:56:02,FALSE,NA,"843974445102436354",NA,"<a href=""https://www.sprinklr.com"" rel=""nofollow"">Sprinklr</a>","farfetch",3,FALSE,FALSE,NA,NA
"309","When it comes to eveningwear this spring, it's not all about the dress anymore: ",FALSE,4,NA,2017-02-22 19:48:32,FALSE,NA,"834490075044012032",NA,"<a href=""https://www.sprinklr.com"" rel=""nofollow"">Sprinklr</a>","farfetch",0,FALSE,FALSE,NA,NA
"310","@CissyJones Hello Cissy, we are happy to help! Can you please send us a private message with the item you are interested in buying?",FALSE,0,"CissyJones",2017-02-22 15:31:09,FALSE,"834136948868599813","834425303799889920","179912196","<a href=""http://www.zendesk.com"" rel=""nofollow"">Zendesk</a>","farfetch",0,FALSE,FALSE,NA,NA
"311","Because every wardrobe needs a Rockstud: @MaisonValentino #FarfetchMan ",FALSE,12,NA,2017-02-21 20:52:01,FALSE,NA,"834143663643119616",NA,"<a href=""https://www.sprinklr.com"" rel=""nofollow"">Sprinklr</a>","farfetch",8,FALSE,FALSE,NA,NA
"312","@ReaIDonaIdFrump Unfortunately we do not have any job openings in New York City - so sorry!",FALSE,0,"ReaIDonaIdFrump",2017-02-21 20:33:06,FALSE,"834110438552043520","834138903724568577","741396132807475200","<a href=""http://www.zendesk.com"" rel=""nofollow"">Zendesk</a>","farfetch",0,FALSE,FALSE,NA,NA
"313","@ReaIDonaIdFrump Hello, we're looking for photographers in our Guimares and London offices! Please click to apply: ",FALSE,0,"ReaIDonaIdFrump",2017-02-21 19:01:06,FALSE,"834110438552043520","834115751158153220","741396132807475200","<a href=""http://www.zendesk.com"" rel=""nofollow"">Zendesk</a>","farfetch",0,FALSE,FALSE,NA,NA
"314","@chrisz26 Hello Chris, a member of our team is investigating and reach out to you shortly! Thank you so much for your patience!",FALSE,1,"chrisz26",2017-02-21 18:31:25,FALSE,"833732642755530753","834108278531584000","186807199","<a href=""http://www.zendesk.com"" rel=""nofollow"">Zendesk</a>","farfetch",0,FALSE,FALSE,NA,NA
"315","@MsJCurrie Hello, as of right now we do not have an ending date for our new customer discount! However, this may change in the future.",FALSE,1,"MsJCurrie",2017-02-21 18:29:54,FALSE,"833824113667997697","834107897332322305","775586072172589057","<a href=""http://www.zendesk.com"" rel=""nofollow"">Zendesk</a>","farfetch",0,FALSE,FALSE,NA,NA
"316","Have you seen what's #NewIn on Farfetch this week? @MaisonValentino @LoeweOfficial ",FALSE,8,NA,2017-02-21 00:09:03,TRUE,NA,"833830858054365186",NA,"<a href=""https://www.sprinklr.com"" rel=""nofollow"">Sprinklr</a>","farfetch",2,FALSE,FALSE,NA,NA
"317","@chrisz26 Hello, can you please send us a DM with your order details? We would love to look into this for you!",FALSE,1,"chrisz26",2017-02-20 19:09:10,FALSE,"833732642755530753","833755390462525442","186807199","<a href=""http://www.zendesk.com"" rel=""nofollow"">Zendesk</a>","farfetch",0,FALSE,FALSE,NA,NA
"318","@Royal_MavERICk Hello, we're sorry but it seems that these shoes are not available! Please check back as our inventory is always changing!",FALSE,0,"Royal_MavERICk",2017-02-20 19:07:54,FALSE,"833705074056654848","833755074551746560","159609816","<a href=""http://www.zendesk.com"" rel=""nofollow"">Zendesk</a>","farfetch",0,FALSE,FALSE,NA,NA
"319","@OmobaAyKutty Hello, we are so sorry to hear that! Can you please send us a DM with your order details so that we can investigate?",FALSE,0,"DAfricanVoice",2017-02-20 18:41:07,FALSE,"833582827371429888","833748332736548868","1145687130","<a href=""http://www.zendesk.com"" rel=""nofollow"">Zendesk</a>","farfetch",0,FALSE,FALSE,NA,NA
"320","@AriannaTheAngel Hello Arianna, we apologize for our delayed response! Please let us know if you still need our help!",FALSE,0,"AriannaTheAngel",2017-02-20 18:39:05,FALSE,NA,"833747819349606402","2389049710","<a href=""http://www.zendesk.com"" rel=""nofollow"">Zendesk</a>","farfetch",0,FALSE,FALSE,NA,NA
"321","@Guxi123 Hello Michel, we would love to resolve this issue. We have located the details of your case - can you send us a DM so we may help?",FALSE,0,"Guxi123",2017-02-20 18:35:33,FALSE,"832674436079722496","833746930521997315","4002610877","<a href=""http://www.zendesk.com"" rel=""nofollow"">Zendesk</a>","farfetch",0,FALSE,FALSE,NA,NA
"322","@mycoolesh Hello Michael, the discount code for new customers is still available! Please check our homepage for the most current code.",FALSE,0,"mycoolesh",2017-02-20 18:25:06,FALSE,"832336138505318400","833744301666492417","372150842","<a href=""http://www.zendesk.com"" rel=""nofollow"">Zendesk</a>","farfetch",0,FALSE,FALSE,NA,NA
"323","Which fashion week is your favourite?",FALSE,5,NA,2017-02-19 21:10:46,FALSE,NA,"833423603538464769",NA,"<a href=""http://twitter.com/download/iphone"" rel=""nofollow"">Twitter for iPhone</a>","farfetch",5,FALSE,FALSE,NA,NA
"324","The best mini-me looks from @dolcegabbana, @Burberry, and more: ",FALSE,3,NA,2017-02-19 17:41:36,FALSE,NA,"833370966965284864",NA,"<a href=""https://www.sprinklr.com"" rel=""nofollow"">Sprinklr</a>","farfetch",2,FALSE,FALSE,NA,NA
"325","Your ultimate London guidecourtesy of @Fashion_Me_Now: (And don't miss her #LFW Instagram ",FALSE,9,NA,2017-02-18 23:10:28,TRUE,NA,"833091342213447681",NA,"<a href=""https://www.sprinklr.com"" rel=""nofollow"">Sprinklr</a>","farfetch",1,FALSE,FALSE,NA,NA
"326","For her very first menswear collection, @StellaMcCartney looked to tomorrow. Get your patched-up denim jacket: ",FALSE,3,NA,2017-02-18 13:31:01,TRUE,NA,"832945517185347584",NA,"<a href=""https://www.sprinklr.com"" rel=""nofollow"">Sprinklr</a>","farfetch",0,FALSE,FALSE,NA,NA
"327","Walk on the (very chic) wild side with @dorateymur: ",FALSE,7,NA,2017-02-18 00:01:02,FALSE,NA,"832741677584486400",NA,"<a href=""https://www.sprinklr.com"" rel=""nofollow"">Sprinklr</a>","farfetch",1,FALSE,FALSE,NA,NA
"328","This season, give your suiting a modern twist with our spring styling guide: ",FALSE,3,NA,2017-02-17 05:04:01,FALSE,NA,"832455540349427713",NA,"<a href=""https://www.sprinklr.com"" rel=""nofollow"">Sprinklr</a>","farfetch",1,FALSE,FALSE,NA,NA
"329","Totes, clutches and cross-bodyseverything you need to know about springs best bags: ",FALSE,11,NA,2017-02-16 23:10:32,FALSE,NA,"832366580965244930",NA,"<a href=""https://www.sprinklr.com"" rel=""nofollow"">Sprinklr</a>","farfetch",5,FALSE,FALSE,NA,NA
"330","@gototatov Please send us a DM so that we can help you with your query. Thanks, Farfetch",FALSE,0,NA,2017-02-16 12:15:30,FALSE,NA,"832201738702749698",NA,"<a href=""http://www.zendesk.com"" rel=""nofollow"">Zendesk</a>","farfetch",0,FALSE,FALSE,NA,NA
"331","Have you see what's #NewIn on #Farfetch today? ",FALSE,3,NA,2017-02-15 23:47:58,FALSE,NA,"832013612789161985",NA,"<a href=""https://www.sprinklr.com"" rel=""nofollow"">Sprinklr</a>","farfetch",0,FALSE,FALSE,NA,NA
"332","@Loadofchic We're following you now, so that you can DM us. Thanks, Farfetch",FALSE,0,"Loadofchic",2017-02-15 13:37:22,FALSE,"831842658096148480","831859953136721920","48788234","<a href=""http://www.zendesk.com"" rel=""nofollow"">Zendesk</a>","farfetch",0,FALSE,FALSE,NA,NA
"333","@LauraBatesx Please DM us with more details - we would love to help! Thanks, Farfetch",FALSE,0,"LauraBatesx",2017-02-15 13:37:07,FALSE,"831855860234203138","831859888057892864","43676363","<a href=""http://www.zendesk.com"" rel=""nofollow"">Zendesk</a>","farfetch",0,FALSE,FALSE,NA,NA
"334","@Guxi123 That's great! We will liaise with that agent to ensure that the proper care and attention is given to your inquiry.Thanks, Farfetch",FALSE,0,"Guxi123",2017-02-15 13:35:30,FALSE,"831832623722926080","831859484263841792","4002610877","<a href=""http://www.zendesk.com"" rel=""nofollow"">Zendesk</a>","farfetch",0,FALSE,FALSE,NA,NA
"335","@Loadofchic Please DM us with more details of the bag e.g Farfetch ID - we would love to help! Thanks, Farfetch",FALSE,0,"Loadofchic",2017-02-15 12:37:17,FALSE,"831842658096148480","831844830879895552","48788234","<a href=""http://www.zendesk.com"" rel=""nofollow"">Zendesk</a>","farfetch",0,FALSE,FALSE,NA,NA
"336","@Guxi123 We're so sorry to hear this Michel ! Please DM us with more details - we would love to help! Thanks, Farfetch",FALSE,0,"Guxi123",2017-02-15 12:31:43,FALSE,"831832623722926080","831843428950482949","4002610877","<a href=""http://www.zendesk.com"" rel=""nofollow"">Zendesk</a>","farfetch",0,FALSE,FALSE,NA,NA
"337","@imlowkeyfamous Please DM us so we can look into your query. Thanks, Farfetch",FALSE,0,"imlowkeyfamous",2017-02-15 10:13:45,FALSE,"831716090921287688","831808708837519361","808691698280886273","<a href=""http://www.zendesk.com"" rel=""nofollow"">Zendesk</a>","farfetch",0,FALSE,FALSE,NA,NA
"338","@jesserogers Hello Jesse, we're so sorry to hear that! Can you please send us a DM with more details? Thanks, Farfetch",FALSE,0,"jesserogers",2017-02-14 20:31:02,FALSE,"831587870179676160","831601666130587648","87634814","<a href=""http://www.zendesk.com"" rel=""nofollow"">Zendesk</a>","farfetch",0,FALSE,FALSE,NA,NA
"339","@Wafalahmad We would love to help! Please send us a DM so that we can help you with this order. Thanks, Farfetch",FALSE,0,"Wafalahmad",2017-02-14 13:31:49,FALSE,"831452954125279233","831496168714665984","200485819","<a href=""http://www.zendesk.com"" rel=""nofollow"">Zendesk</a>","farfetch",0,FALSE,FALSE,NA,NA
"340","@Zab_ou We're sorry to hear this! Please DM us so we can look into your issue. Thanks, Farfetch",FALSE,0,"Zab_ou",2017-02-14 10:21:05,FALSE,"831446528128643072","831448167707181056","1371671478","<a href=""http://www.zendesk.com"" rel=""nofollow"">Zendesk</a>","farfetch",0,FALSE,FALSE,NA,NA
"341","@hunah7 We're sorry to hear this! Please DM us so we can look into your query. Thanks, Farfetch",FALSE,0,"hu2a_",2017-02-14 09:57:06,FALSE,"831362327756828672","831442134360264705","2477365284","<a href=""http://www.zendesk.com"" rel=""nofollow"">Zendesk</a>","farfetch",0,FALSE,FALSE,NA,NA
"342","@sebasVanHarken Unfortunately we do not have any promotions running at present. Please keeping checking for updates! Thanks, Farfetch",FALSE,0,"sebasVanHarken",2017-02-14 09:55:05,FALSE,"831284120349184002","831441626904002560","244695927","<a href=""http://www.zendesk.com"" rel=""nofollow"">Zendesk</a>","farfetch",0,FALSE,FALSE,NA,NA
"343","@MartyniukLDN Hello, please send us a DM with the Farfetch ID of the shoes so we can confirm the price for your size! Thanks, Farfetch",FALSE,0,"MartyniukLDN",2017-02-13 19:27:03,FALSE,"831216788016922624","831223178454302721","218803813","<a href=""http://www.zendesk.com"" rel=""nofollow"">Zendesk</a>","farfetch",0,FALSE,FALSE,NA,NA
"344","@seventtys Hello, we would love to help! Please send us a DM so that we can try to locate the correct item. Thanks, Farfetch",FALSE,0,"seventtys",2017-02-13 19:22:59,FALSE,NA,"831222153655746561","2657844038","<a href=""http://www.zendesk.com"" rel=""nofollow"">Zendesk</a>","farfetch",0,FALSE,FALSE,NA,NA
"345","@emjohnson1999 Hello Emily, we are so sorry that this happened! May you please DM us your order info so we can investigate? Thanks, Farfetch",FALSE,0,"emjohnson1999",2017-02-13 19:19:03,FALSE,"831105828967084033","831221164529827843","3288842477","<a href=""http://www.zendesk.com"" rel=""nofollow"">Zendesk</a>","farfetch",0,FALSE,FALSE,NA,NA
"346","@OmarMoreno92 Hola, vemos que nuestro equipo le est ayudando! Por favor, hganos saber si necesita cualquier otra cosa. Gracias, Farfetch",FALSE,0,"OmarMoreno92",2017-02-13 19:15:20,FALSE,"830803198348820480","831220226662490112","238334809","<a href=""http://www.zendesk.com"" rel=""nofollow"">Zendesk</a>","farfetch",0,FALSE,FALSE,NA,NA
"347","@Zab_ou Hello Isabelle, unfortunately this code is no longer active! We are so sorry for the inconvenience. Thanks, Farfetch",FALSE,0,"Zab_ou",2017-02-13 19:07:15,FALSE,"830701750143291393","831218194648031236","1371671478","<a href=""http://www.zendesk.com"" rel=""nofollow"">Zendesk</a>","farfetch",0,FALSE,FALSE,NA,NA
"348","@aditisinghUS Hello Aditi, we are so sorry for any phone connection issues you may have experienced! How can we help? Thanks, Farfetch",FALSE,0,"aditisinghUS",2017-02-13 19:05:49,FALSE,"830101584315039749","831217835233902592","2666724841","<a href=""http://www.zendesk.com"" rel=""nofollow"">Zendesk</a>","farfetch",0,FALSE,FALSE,NA,NA
"349","@LauraBatesx Hello Laura, we are so sorry for the delay! A member of our team will be sending you a DM shortly. Thanks, Farfetch",FALSE,0,"LauraBatesx",2017-02-13 18:53:48,FALSE,"830044462738980865","831214807554674692","43676363","<a href=""http://www.zendesk.com"" rel=""nofollow"">Zendesk</a>","farfetch",0,FALSE,FALSE,NA,NA
"350","@CagneyAndLace Hello, we are so sorry to hear that! Please send us a DM with your order details so we can look into this! Thanks, Farfetch",FALSE,0,"CagneyAndLace",2017-02-13 18:53:05,FALSE,"830069349415321600","831214627958751232","723823405","<a href=""http://www.zendesk.com"" rel=""nofollow"">Zendesk</a>","farfetch",0,FALSE,FALSE,NA,NA
"351","@FddyhbGgg Hello, we will be happy to send you a DM with more information! Thanks, Farfetch",FALSE,0,"FddyhbGgg",2017-02-13 18:33:04,FALSE,"830863918557962241","831209591044177921","2996705741","<a href=""http://www.zendesk.com"" rel=""nofollow"">Zendesk</a>","farfetch",0,FALSE,FALSE,NA,NA
"352","@FddyhbGgg Hello, please review your DMs whenever you can! Thanks, Farfetch",FALSE,0,"FddyhbGgg",2017-02-13 18:27:06,FALSE,"830126675706916864","831208088283774977","2996705741","<a href=""http://www.zendesk.com"" rel=""nofollow"">Zendesk</a>","farfetch",0,FALSE,FALSE,NA,NA
"353","@damndee__ Thank you for your message. Please accept our apologies but we are not currently offering any free shipping promotions at this...",FALSE,0,"damndee__",2017-02-13 02:35:03,FALSE,"829760812290027524","830968498700615681","324116705","<a href=""http://www.zendesk.com"" rel=""nofollow"">Zendesk</a>","farfetch",0,FALSE,FALSE,NA,NA
"354","Which red carpet has the best fashion moments?",FALSE,1,NA,2017-02-12 23:47:46,FALSE,NA,"830926402761478144",NA,"<a href=""http://twitter.com/download/iphone"" rel=""nofollow"">Twitter for iPhone</a>","farfetch",0,FALSE,FALSE,NA,NA
"355","Find out what to do, where to go, and what to wear this month in our February Hot List: ",FALSE,4,NA,2017-02-12 21:02:56,FALSE,NA,"830884918771249153",NA,"<a href=""https://www.sprinklr.com"" rel=""nofollow"">Sprinklr</a>","farfetch",4,FALSE,FALSE,NA,NA
"356","Straight from @AdamLippes' #NYFW presentation, shop this sophisticated column dress exclusively on Farfetch: ",FALSE,5,NA,2017-02-11 14:52:03,FALSE,NA,"830429195541032961",NA,"<a href=""https://www.sprinklr.com"" rel=""nofollow"">Sprinklr</a>","farfetch",1,FALSE,FALSE,NA,NA
"357","Have you heard? For a limited time only get Free Shipping on full-priced items on Farfetch. Start shopping: ",FALSE,2,NA,2017-02-10 13:48:52,TRUE,NA,"830050907773612032",NA,"<a href=""https://www.sprinklr.com"" rel=""nofollow"">Sprinklr</a>","farfetch",0,FALSE,FALSE,NA,NA
"358","Stiletto, kitten heel, or flatthere's a @pandrewdesign for every woman: ",FALSE,7,NA,2017-02-09 19:25:03,FALSE,NA,"829773122740039681",NA,"<a href=""https://www.sprinklr.com"" rel=""nofollow"">Sprinklr</a>","farfetch",1,FALSE,FALSE,NA,NA
